"PointID","x","y","Density","Momentum_x","Momentum_y","Energy","Pressure","Temperature","Mach","Pressure_Coefficient"
0, 1.000000000000000e+00, 1.853558478124889e-20, 1.051147402259554e+00, 5.008899276708741e-01, -4.799662614317856e-02, 2.982046931792697e+00, 1.144643912517835e+00, 1.088947097293205e+00, 3.877001904767052e-01, 3.396353726820578e-01
1, 9.202999075687751e-02, 3.684834290910530e-02, 7.237418024581749e-01, 8.845992496128090e-01, 1.627723852414518e-01, 2.189285717746453e+00, 6.521509447394835e-01, 9.010823231772237e-01, 1.106489297003979e+00, -8.167771561484847e-01
2, 1.018491635200274e-01, -3.902484235526241e-02, 1.018293487897769e+00, 8.882155004384973e-01, -1.488704589590913e-01, 2.969378773036119e+00, 1.028447890285417e+00, 1.009971980090544e+00, 7.437768544499725e-01, 6.679790148731245e-02
10, 9.958205743875335e-01, 8.676740041808182e-04, 1.056198798152514e+00, 5.644259762962900e-01, -1.163892566072642e-01, 3.005507223194502e+00, 1.139312618553661e+00, 1.078691455194352e+00, 4.440084780019290e-01, 3.271170718363421e-01
11, 9.916401082596908e-01, 1.730314307381633e-03, 1.051052746001126e+00, 6.120306602403246e-01, -1.256888504096673e-01, 2.999210166455813e+00, 1.125400598378324e+00, 1.070736556904555e+00, 4.855271270896787e-01, 2.944505456427262e-01
12, 9.874465079135902e-01, 2.588321541739468e-03, 1.039328607687954e+00, 6.256319228684407e-01, -1.271927387254203e-01, 2.969401998637599e+00, 1.109326838784362e+00, 1.067349470204734e+00, 5.025083668203955e-01, 2.567080839305956e-01
13, 9.832431590518058e-01, 3.438384666795526e-03, 1.033021662352130e+00, 6.375191183436580e-01, -1.281807046606089e-01, 2.954184368629288e+00, 1.099805005543993e+00, 1.064648540902618e+00, 5.156110268892893e-01, 2.343500646754780e-01
14, 9.790185299143999e-01, 4.282669845037070e-03, 1.027069569527733e+00, 6.461273719830822e-01, -1.285368211333603e-01, 2.939392352707734e+00, 1.091244205414682e+00, 1.062483241438511e+00, 5.259216981524391e-01, 2.142486273473323e-01
15, 9.747770619634212e-01, 5.122653354158300e-03, 1.022401521863028e+00, 6.539186777229253e-01, -1.288382985514200e-01, 2.928014737558850e+00, 1.084310690986855e+00, 1.060552696567798e+00, 5.349855083964594e-01, 1.979681858430901e-01
16, 9.705153474562592e-01, 5.958017769194982e-03, 1.018097706675690e+00, 6.603343129393920e-01, -1.288101866606167e-01, 2.917402222039690e+00, 1.078043397682215e+00, 1.058880096294746e+00, 5.427457887752313e-01, 1.832520843482075e-01
17, 9.662319541040187e-01, 6.789558587910336e-03, 1.014338525883445e+00, 6.660079830983873e-01, -1.287204266550243e-01, 2.908165339766843e+00, 1.072539900030351e+00, 1.057378648904434e+00, 5.496430008078809e-01, 1.703294355930110e-01
18, 9.619267274601186e-01, 7.617950366109823e-03, 1.010848420739760e+00, 6.709939413170989e-01, -1.285516976472192e-01, 2.899547346029332e+00, 1.067469106592111e+00, 1.056013032904493e+00, 5.558548268051948e-01, 1.584228106323629e-01
19, 9.575996134199696e-01, 8.443376435833554e-03, 1.007665742399030e+00, 6.755085836217737e-01, -1.283208776724151e-01, 2.891693066052041e+00, 1.062840932439494e+00, 1.054755448874449e+00, 5.615291058581995e-01, 1.475554908413030e-01
20, 9.532505679213199e-01, 9.266081774198395e-03, 1.004686624250153e+00, 6.796045844752110e-01, -1.280495227909561e-01, 2.884326912373175e+00, 1.058525143617610e+00, 1.053587375474059e+00, 5.667632616394269e-01, 1.374216765699503e-01
21, 9.488795577760850e-01, 1.008637827050671e-02, 1.001898205589537e+00, 6.833607813546887e-01, -1.277521938079215e-01, 2.877426180270433e+00, 1.054493089911038e+00, 1.052495237568125e+00, 5.716258638326014e-01, 1.279540948413593e-01
22, 9.444865325929510e-01, 1.090449549872732e-02, 9.992672051827847e-01, 6.868544402172050e-01, -1.274222182223446e-01, 2.870910789614948e+00, 1.050691653076359e+00, 1.051462159097043e+00, 5.761954932630327e-01, 1.190280198092398e-01
23, 9.400713989964585e-01, 1.172043921598856e-02, 9.967569210343608e-01, 6.901011613670573e-01, -1.270443811386979e-01, 2.864686606398200e+00, 1.047078260551092e+00, 1.050485066574218e+00, 5.804996112784409e-01, 1.105434877221106e-01
24, 9.356340576083134e-01, 1.253418531262909e-02, 9.943621535947302e-01, 6.931432475341465e-01, -1.266233905972498e-01, 2.858737444814724e+00, 1.043635778165783e+00, 1.049552996755682e+00, 5.845754133404262e-01, 1.024602661918457e-01
25, 9.311744120804579e-01, 1.334572917706648e-02, 9.920714844516242e-01, 6.959753616068570e-01, -1.261641558020400e-01, 2.853033633479821e+00, 1.040353967757265e+00, 1.048668351083924e+00, 5.884218551476145e-01, 9.475431519973959e-02
26, 9.266923675576162e-01, 1.415507705045005e-02, 9.898862461351133e-01, 6.986429397762858e-01, -1.256781271312076e-01, 2.847594485532132e+00, 1.037228732635149e+00, 1.047826188801873e+00, 5.920752841874017e-01, 8.741601539200909e-02
27, 9.221878366321385e-01, 1.496227972156751e-02, 9.878209106210748e-01, 7.010897167900066e-01, -1.251590388715251e-01, 2.842438836271579e+00, 1.034286561123557e+00, 1.047038537049462e+00, 5.954735142475195e-01, 8.050756345345510e-02
28, 9.176604647299414e-01, 1.576747041184761e-02, 9.858540864843625e-01, 7.034125591142127e-01, -1.246333523152820e-01, 2.837533100811906e+00, 1.031484187126067e+00, 1.046284842013919e+00, 5.987159364232484e-01, 7.392736715992156e-02
29, 9.131101915419436e-01, 1.657068842233652e-02, 9.839452624114052e-01, 7.056001173843569e-01, -1.240872541273190e-01, 2.832768096375461e+00, 1.028778432487989e+00, 1.045564699368244e+00, 6.018138489112191e-01, 6.757404078141487e-02
30, 9.085371535956777e-01, 1.737187717646474e-02, 9.820838762847581e-01, 7.076536925047293e-01, -1.235142986863475e-01, 2.828099371717666e+00, 1.026151060652047e+00, 1.044871100556091e+00, 6.047742899374916e-01, 6.140476343581993e-02
31, 9.039412472377252e-01, 1.817101122794337e-02, 9.803090359041458e-01, 7.095580628129209e-01, -1.229103087775315e-01, 2.823637038549615e+00, 1.023655609350441e+00, 1.044217253803354e+00, 6.075545160441519e-01, 5.554524596233809e-02
32, 8.993223651057086e-01, 1.896804666190027e-02, 9.786454242556409e-01, 7.113757968823295e-01, -1.222871806145912e-01, 2.819475769334520e+00, 1.021314629000846e+00, 1.043600270013687e+00, 6.101918695033384e-01, 5.004843852927045e-02
33, 8.946804018463703e-01, 1.976295304539534e-02, 9.770267811330271e-01, 7.130292177432870e-01, -1.216407649283889e-01, 2.815400545428858e+00, 1.019058314487548e+00, 1.043019837496960e+00, 6.126607540478433e-01, 4.475043319138628e-02
34, 8.900152648453233e-01, 2.055577767063302e-02, 9.754611380402655e-01, 7.146000282851680e-01, -1.209906392644816e-01, 2.811444995732830e+00, 1.016876745064301e+00, 1.042457464894235e+00, 6.150312810717540e-01, 3.962793525007290e-02
35, 8.853268631317629e-01, 2.134658214392930e-02, 9.739603476580507e-01, 7.160626462517715e-01, -1.203271237105605e-01, 2.807650946294323e+00, 1.014796354971947e+00, 1.041927792452833e+00, 6.172677917887381e-01, 3.474301439829761e-02
36, 8.806150912761561e-01, 2.213534620061999e-02, 9.725383317698532e-01, 7.174553803715861e-01, -1.196480763012478e-01, 2.804067397249802e+00, 1.012827569157836e+00, 1.041426888865823e+00, 6.193932338243916e-01, 3.012014923883700e-02
37, 8.758798364119579e-01, 2.292200792857236e-02, 9.711710119001400e-01, 7.187491190705159e-01, -1.189443814136968e-01, 2.800611211186090e+00, 1.010943845239725e+00, 1.040953480748738e+00, 6.213965232044913e-01, 2.569701615413974e-02
38, 8.711209816155183e-01, 2.370648279907297e-02, 9.698836736909231e-01, 7.200296087416507e-01, -1.182271665376414e-01, 2.797363734816181e+00, 1.009154945881461e+00, 1.040490703427443e+00, 6.233393363852182e-01, 2.149653865281650e-02
39, 8.663384072763483e-01, 2.448867133336094e-02, 9.686640235142241e-01, 7.212457676951703e-01, -1.174912717024125e-01, 2.794288752689229e+00, 1.007460625622148e+00, 1.040051659983379e+00, 6.251811067551580e-01, 1.751814037322225e-02
40, 8.615320008981785e-01, 2.526851876560734e-02, 9.674498937453111e-01, 7.225113942336586e-01, -1.167603313708987e-01, 2.791246485837918e+00, 1.005763001051754e+00, 1.039602161883672e+00, 6.270710846008200e-01, 1.353198330927539e-02
41, 8.567016569781820e-01, 2.604601684561581e-02, 9.663818515015002e-01, 7.237705007271643e-01, -1.160185809959036e-01, 2.788598657925889e+00, 1.004240344928570e+00, 1.039175501245442e+00, 6.288583380130782e-01, 9.956666029327920e-03
42, 8.518472673622289e-01, 2.682114350687709e-02, 9.657983192653656e-01, 7.250710457398938e-01, -1.152811762799706e-01, 2.787292159547114e+00, 1.003295677444274e+00, 1.038825246877040e+00, 6.303472040364783e-01, 7.738511891316424e-03
43, 8.469687198723928e-01, 2.759385435908259e-02, 9.652708993942702e-01, 7.265828987193000e-01, -1.145811174765449e-01, 2.786196892137625e+00, 1.002375192657054e+00, 1.038439253981517e+00, 6.319977609975116e-01, 5.577140643030104e-03
44, 8.420658980227127e-01, 2.836408063539155e-02, 9.631772611355038e-01, 7.288708701464895e-01, -1.139829189319345e-01, 2.780994309149614e+00, 9.993874039364070e-01, 1.037594474311213e+00, 6.354964084316571e-01, -1.438424118514571e-03
45, 8.371386789376334e-01, 2.913171423071459e-02, 9.605674712561414e-01, 7.316012716970957e-01, -1.132818345535919e-01, 2.774494515879180e+00, 9.956833456419172e-01, 1.036557426142960e+00, 6.397800653482845e-01, -1.013584661896032e-02
46, 8.321869355861570e-01, 2.989662158268351e-02, 9.685214821734403e-01, 7.316164259391726e-01, -1.121252415877514e-01, 2.796125873436384e+00, 1.005322313582155e+00, 1.037996918071585e+00, 6.339477235259239e-01, 1.249721419685009e-02
47, 8.272105342524931e-01, 3.065862629140366e-02, 9.876651783738347e-01, 7.272735063770859e-01, -1.126682633454187e-01, 2.847376967238168e+00, 1.029273762230885e+00, 1.042128228035292e+00, 6.168980017064769e-01, 6.873711428309560e-02
48, 8.222093393273142e-01, 3.141753795050854e-02, 7.833443256397158e-01, 7.372643680760826e-01, -1.131255095071584e-01, 2.297549002259194e+00, 7.769732207549391e-01, 9.918667887463490e-01, 8.080403432036901e-01, -5.236845572580563e-01
49, 8.171832128485229e-01, 3.217314991167474e-02, 5.640544953162672e-01, 7.555770053467069e-01, -1.108642100872581e-01, 1.729036007324097e+00, 4.848303106372890e-01, 8.595451586028812e-01, 1.234197509254459e+00, -1.209659268720558e+00
50, 8.121320189641823e-01, 3.292526810505809e-02, 5.218824669722364e-01, 7.834847336643481e-01, -1.147972937515371e-01, 1.634623063135997e+00, 4.135549880574518e-01, 7.924293576228775e-01, 1.440542349779075e+00, -1.377019376215245e+00
51, 8.070556284461983e-01, 3.367374142381211e-02, 5.146267241985166e-01, 7.891832821774936e-01, -1.153121558176165e-01, 1.619175094085204e+00, 4.004589558005736e-01, 7.781542173587103e-01, 1.484827309327069e+00, -1.407769898092014e+00
52, 8.019539128655654e-01, 3.441842477165315e-02, 5.182393427336472e-01, 7.926088930871366e-01, -1.150949373018132e-01, 1.629540827328191e+00, 4.042567000435013e-01, 7.800579128383001e-01, 1.478877781891249e+00, -1.398852493558042e+00
53, 7.968267440291480e-01, 3.515917471338426e-02, 5.201317380541399e-01, 7.926350038784540e-01, -1.139407488228889e-01, 1.634146351947650e+00, 4.070853376076088e-01, 7.826581379758751e-01, 1.470791775612979e+00, -1.392210628328148e+00
54, 7.916739909942693e-01, 3.589582821950474e-02, 5.207564065262329e-01, 7.933609408376168e-01, -1.128025174604831e-01, 1.635926701921741e+00, 4.077501947431159e-01, 7.829960220039571e-01, 1.469733084226123e+00, -1.390649491069983e+00
55, 7.864955162472617e-01, 3.662817583149121e-02, 5.218132585997415e-01, 7.946382991217235e-01, -1.117520755640475e-01, 1.639024440934562e+00, 4.088017306940682e-01, 7.834253422212119e-01, 1.468399669282651e+00, -1.388180401300677e+00
56, 7.812911814961399e-01, 3.735599980451086e-02, 5.229185795105828e-01, 7.955967110929252e-01, -1.106258748077365e-01, 1.642096872066421e+00, 4.100652601191170e-01, 7.841856766743897e-01, 1.466032997790529e+00, -1.385213534049224e+00
57, 7.760608490624386e-01, 3.807908420955103e-02, 5.241136516839925e-01, 7.967027623723547e-01, -1.094962868468730e-01, 1.645458799799818e+00, 4.113955469957156e-01, 7.849357590169416e-01, 1.463703753248607e+00, -1.382089915009591e+00
58, 7.708043850692020e-01, 3.879723942111583e-02, 5.252731073231695e-01, 7.977558533220724e-01, -1.083383200928142e-01, 1.648707631091971e+00, 4.126965392595997e-01, 7.856799320314183e-01, 1.461390506568655e+00, -1.379035082042831e+00
59, 7.655216634602799e-01, 3.951033118158567e-02, 5.264632155233600e-01, 7.988559274226422e-01, -1.071746938776176e-01, 1.652053205582628e+00, 4.140206744678064e-01, 7.864189980609113e-01, 1.459093364714768e+00, -1.375925907608232e+00
60, 7.602125584770401e-01, 4.021822818067688e-02, 5.276470679943019e-01, 7.999335670221793e-01, -1.059946897839911e-01, 1.655375195723527e+00, 4.153454903718434e-01, 7.871653526867105e-01, 1.456776238050060e+00, -1.372815134845865e+00
61, 7.548769434620923e-01, 4.092079294464987e-02, 5.288585934342453e-01, 8.010377107320955e-01, -1.048009741823995e-01, 1.658776109219212e+00, 4.166979057779109e-01, 7.879193246572825e-01, 1.454433718393426e+00, -1.369639556264885e+00
62, 7.495146856202236e-01, 4.161784041232716e-02, 5.300880964154233e-01, 8.021528324981270e-01, -1.035836466333758e-01, 1.662228841866830e+00, 4.180726615603838e-01, 7.886852475795749e-01, 1.452059070665384e+00, -1.366411520709159e+00
63, 7.441256442213724e-01, 4.230912247027376e-02, 5.313580049454701e-01, 8.032950729854212e-01, -1.023390866440427e-01, 1.665791300647463e+00, 4.194937541259759e-01, 7.894747989522165e-01, 1.449608885571624e+00, -1.363074682713498e+00
64, 7.387096771772372e-01, 4.299437597170572e-02, 5.326683628722116e-01, 8.044655148659671e-01, -1.010652974083208e-01, 1.669466755577770e+00, 4.209618465538789e-01, 7.902888098778800e-01, 1.447085068361464e+00, -1.359627485315397e+00
65, 7.332666420411440e-01, 4.367332971821718e-02, 5.340090537099080e-01, 8.056544094743179e-01, -9.976423475899704e-02, 1.673224517886180e+00, 4.224655537213201e-01, 7.911205826686560e-01, 1.444505661697685e+00, -1.356096661685640e+00
66, 7.277964020328164e-01, 4.434575378368861e-02, 5.353748068071229e-01, 8.068603038476669e-01, -9.844132332945683e-02, 1.677052754785447e+00, 4.239980405137430e-01, 7.919648723151347e-01, 1.441889326144984e+00, -1.352498261215031e+00
67, 7.222988248389444e-01, 4.501145057232001e-02, 5.367576463288627e-01, 8.080722998861718e-01, -9.709919249665948e-02, 1.680926174603417e+00, 4.255517800444512e-01, 7.928192228932357e-01, 1.439241919714099e+00, -1.348849957630199e+00
68, 7.167736337233237e-01, 4.567025416929561e-02, 5.381584778347366e-01, 8.092946516649303e-01, -9.573988090333244e-02, 1.684850343490787e+00, 4.271266111350815e-01, 7.936818404378052e-01, 1.436571174278095e+00, -1.345152129390718e+00
69, 7.112203642881858e-01, 4.632202380767277e-02, 5.395756345034902e-01, 8.105214344259385e-01, -9.436255577023807e-02, 1.688817228877747e+00, 4.287220897708710e-01, 7.945542058535963e-01, 1.433870257436942e+00, -1.341405819078448e+00
70, 7.056393610791475e-01, 4.696651337407488e-02, 5.410141843131225e-01, 8.117581032419169e-01, -9.296644072759355e-02, 1.692842523637335e+00, 4.303434884576771e-01, 7.954384578734214e-01, 1.431133814872498e+00, -1.337598646431678e+00
71, 7.000304929430561e-01, 4.760352656005087e-02, 5.424692027672354e-01, 8.130003822214745e-01, -9.155039904646473e-02, 1.696911939604792e+00, 4.319853849960041e-01, 7.963316309799100e-01, 1.428370595796183e+00, -1.333743343204650e+00
72, 6.943936279522317e-01, 4.823285810913797e-02, 5.439463523639206e-01, 8.142537405863691e-01, -9.011318296162860e-02, 1.701042109384848e+00, 4.336537073211908e-01, 7.972361712448071e-01, 1.425573433379079e+00, -1.329825990135272e+00
73, 6.887286324874583e-01, 4.885428314301390e-02, 5.454485466421668e-01, 8.155189606457727e-01, -8.865104213539454e-02, 1.705240073705950e+00, 4.353522489417312e-01, 7.981545676889252e-01, 1.422733951621136e+00, -1.325837679764885e+00
74, 6.830353697621888e-01, 4.946754350218890e-02, 5.469805181117057e-01, 8.168019491827967e-01, -8.716096078373246e-02, 1.709520688418912e+00, 4.370856097768470e-01, 7.990880759076402e-01, 1.419849308882756e+00, -1.321767611118515e+00
75, 6.773137007570742e-01, 5.007235426758412e-02, 5.485487853214198e-01, 8.181045058991077e-01, -8.563912336115936e-02, 1.713900204903538e+00, 4.388622275031201e-01, 8.000422920378369e-01, 1.416901202888399e+00, -1.317595971862685e+00
76, 6.715634846929930e-01, 5.066840446061811e-02, 5.501540602347057e-01, 8.194288279271910e-01, -8.408449601235418e-02, 1.718382213823490e+00, 4.406824142732874e-01, 8.010163809120746e-01, 1.413893526494297e+00, -1.313322029038022e+00
77, 6.657845815973732e-01, 5.125538165144338e-02, 5.517971348614745e-01, 8.207729271318017e-01, -8.249683919760360e-02, 1.722967189369904e+00, 4.425477095040373e-01, 8.020116117767382e-01, 1.410821136371475e+00, -1.308942167972112e+00
78, 6.599768525051630e-01, 5.183297331695252e-02, 5.534774438950089e-01, 8.221363273376158e-01, -8.087694852866213e-02, 1.727654334730458e+00, 4.444575663478421e-01, 8.030274246047737e-01, 1.407686800130601e+00, -1.304457672706298e+00
79, 6.541401602298776e-01, 5.240087378384287e-02, 5.551930332746950e-01, 8.235160031658172e-01, -7.922468898502102e-02, 1.732437241129128e+00, 4.464101458899039e-01, 8.040629459214264e-01, 1.404492584529164e+00, -1.299872861158299e+00
80, 6.482743676346507e-01, 5.295876753009020e-02, 5.569488777258937e-01, 8.249158702411252e-01, -7.753789088418316e-02, 1.737330371107892e+00, 4.484110241699502e-01, 8.051206171756375e-01, 1.401231570318959e+00, -1.295174640344816e+00
81, 6.423793359919837e-01, 5.350630995404043e-02, 5.587516722250472e-01, 8.263401088329064e-01, -7.581062930482434e-02, 1.742351686037848e+00, 4.504679527355757e-01, 8.062042140146681e-01, 1.397891502337492e+00, -1.290344809017621e+00
82, 6.364549221248292e-01, 5.404309224795192e-02, 5.606157760700139e-01, 8.278001366622185e-01, -7.403424208445163e-02, 1.747541948270120e+00, 4.525969799577195e-01, 8.073211623306081e-01, 1.394450037392340e+00, -1.285345684329578e+00
83, 6.305009775663465e-01, 5.456862614943848e-02, 5.625501739981763e-01, 8.293004916889188e-01, -7.220150202791346e-02, 1.752925094582166e+00, 4.548089506126476e-01, 8.084771308134411e-01, 1.390889212559884e+00, -1.280151801886336e+00
84, 6.245173534440651e-01, 5.508239033575876e-02, 5.645599662371359e-01, 8.308439935078969e-01, -7.030927804537598e-02, 1.758515701533072e+00, 4.571099869665821e-01, 8.096748163233720e-01, 1.387201557115866e+00, -1.274748786121486e+00
85, 6.185039015338168e-01, 5.558384010430562e-02, 5.666482728721778e-01, 8.324308724789882e-01, -6.835507020583205e-02, 1.764321369989117e+00, 4.595040004317867e-01, 8.109157345573340e-01, 1.383381648072773e+00, -1.269127452728970e+00
86, 6.124604753941205e-01, 5.607241578101892e-02, 5.688156483987025e-01, 8.340605912338928e-01, -6.633757082998233e-02, 1.770344194025298e+00, 4.619919377297846e-01, 8.121997681153079e-01, 1.379430892493449e+00, -1.263285578731604e+00
87, 6.063869306071886e-01, 5.654754348949877e-02, 5.710667587815184e-01, 8.357332304807005e-01, -6.425472764010569e-02, 1.776595340157886e+00, 4.645797928834886e-01, 8.135297419075129e-01, 1.375339366417159e+00, -1.257209089688437e+00
88, 6.002831249243152e-01, 5.700863451874881e-02, 5.734007263760970e-01, 8.374473158327742e-01, -6.210482094848561e-02, 1.783073329776918e+00, 4.672669593001568e-01, 8.149047216129153e-01, 1.371111535629246e+00, -1.250899409927312e+00
89, 5.941489181796117e-01, 5.745508062287883e-02, 5.758226313500298e-01, 8.392038777271915e-01, -5.988515953747497e-02, 1.789790833199465e+00, 4.700595912251658e-01, 8.163270521742086e-01, 1.366738996783455e+00, -1.244342088792229e+00
90, 5.879841725194402e-01, 5.788625290588192e-02, 5.783317966045076e-01, 8.410009443818645e-01, -5.759340268074808e-02, 1.796746510964128e+00, 4.729574597155515e-01, 8.177960514921916e-01, 1.362225114686557e+00, -1.237537663859418e+00
91, 5.817887525689532e-01, 5.830149786222842e-02, 5.809353220695322e-01, 8.428403318988611e-01, -5.522802209078682e-02, 1.803958282946928e+00, 4.759690658102656e-01, 8.193150730010126e-01, 1.357558014601772e+00, -1.230466174015532e+00
92, 5.755625275179290e-01, 5.870016641452415e-02, 5.836222606984374e-01, 8.447127527223339e-01, -5.279239660839778e-02, 1.811396830937147e+00, 4.790826016686196e-01, 8.208778758632130e-01, 1.352758960210946e+00, -1.223155345006529e+00
93, 5.693053733142743e-01, 5.908164907176264e-02, 5.863789296670727e-01, 8.466048911498770e-01, -5.029812305469097e-02, 1.819022048944115e+00, 4.822829026624191e-01, 8.224765220268810e-01, 1.347850632092953e+00, -1.215640784581528e+00
94, 5.630171783346859e-01, 5.944547896363737e-02, 5.891767914237369e-01, 8.484946453321044e-01, -4.776221095406148e-02, 1.826755311134348e+00, 4.855382271429744e-01, 8.240959830913885e-01, 1.342880997960365e+00, -1.207997024647849e+00
95, 5.566978402341637e-01, 5.979130595589294e-02, 5.920037353520347e-01, 8.503731566693599e-01, -4.519527295183938e-02, 1.834561886682223e+00, 4.888340308053186e-01, 8.257279500350345e-01, 1.337873614412585e+00, -1.200258216386498e+00
96, 5.503472609237731e-01, 6.011882881622189e-02, 5.948454366471984e-01, 8.522311856441169e-01, -4.260472732409668e-02, 1.842403640126275e+00, 4.921539441433181e-01, 8.273644106901230e-01, 1.332854889075276e+00, -1.192462796695506e+00
97, 5.439653464664277e-01, 6.042780325151249e-02, 5.976907328913947e-01, 8.540594700923607e-01, -3.999906687400263e-02, 1.850248013173595e+00, 4.954852390234305e-01, 8.289993666565083e-01, 1.327841532822722e+00, -1.184640652241405e+00
98, 5.375520068664371e-01, 6.071805782617675e-02, 6.005275274624429e-01, 8.558504232316586e-01, -3.738712987138152e-02, 1.858062707211034e+00, 4.988140572893460e-01, 8.306264650300180e-01, 1.322854378202291e+00, -1.176824323073763e+00
99, 5.311071546156328e-01, 6.098947876913656e-02, 6.033439250269171e-01, 8.575952348054624e-01, -3.477500030312635e-02, 1.865813687265598e+00, 5.021268157834998e-01, 8.322397805879926e-01, 1.317910488133788e+00, -1.169045703523294e+00
100, 5.246307030195145e-01, 6.124198434283340e-02, 6.061395858615156e-01, 8.592962435898778e-01, -3.216593454559291e-02, 1.873501365432871e+00, 5.054221956940552e-01, 8.338379599076851e-01, 1.313014356361515e+00, -1.161307890264734e+00
101, 5.181225650404845e-01, 6.147550478304759e-02, 6.089065795400869e-01, 8.609470768622475e-01, -2.956213360718300e-02, 1.881102773491707e+00, 5.086914723139053e-01, 8.354179268322655e-01, 1.308174696847019e+00, -1.153631369601989e+00
102, 5.115826531486694e-01, 6.168998608797213e-02, 6.116473488585222e-01, 8.625521439236372e-01, -2.696586215664285e-02, 1.888626176866542e+00, 5.119365047010046e-01, 8.369798473849327e-01, 1.303391462229233e+00, -1.146011776319610e+00
103, 5.050108793073574e-01, 6.188538964394014e-02, 6.143492458993189e-01, 8.641015712537498e-01, -2.437960547717297e-02, 1.896035587200455e+00, 5.151435234422500e-01, 8.385190132172360e-01, 1.298678871303725e+00, -1.138481442091083e+00
104, 4.984071546139193e-01, 6.206169163556813e-02, 6.170159238714515e-01, 8.656023844168753e-01, -2.180712380359989e-02, 1.903342836511236e+00, 5.183148690355538e-01, 8.400348337582596e-01, 1.294038456816968e+00, -1.131034871241773e+00
105, 4.917713897304517e-01, 6.221890661259303e-02, 6.196318858700126e-01, 8.670413961509988e-01, -1.925409546438760e-02, 1.910503325959515e+00, 5.214341261830174e-01, 8.415224233512164e-01, 1.289484919044068e+00, -1.123710608192408e+00
106, 4.851034945628897e-01, 6.235709474529606e-02, 6.221953670223602e-01, 8.684236135395120e-01, -1.672542913639807e-02, 1.917514757566792e+00, 5.244970858545993e-01, 8.429781281797138e-01, 1.285029835817802e+00, -1.116518536079179e+00
107, 4.784033774455438e-01, 6.247634179906121e-02, 6.246949583326666e-01, 8.697391526780071e-01, -1.422319767956429e-02, 1.924344046585761e+00, 5.274918687813482e-01, 8.443991131115306e-01, 1.280681637752504e+00, -1.109486548367268e+00
108, 4.716709444995901e-01, 6.257673622754267e-02, 6.271365067578732e-01, 8.709990574815016e-01, -1.174724427085073e-02, 1.931010382153018e+00, 5.304225913653541e-01, 8.457849059170481e-01, 1.276442086805917e+00, -1.102604979418254e+00
109, 4.649053856314406e-01, 6.265836319054725e-02, 6.295174203911819e-01, 8.721974868232151e-01, -9.296165941115682e-03, 1.937504226416646e+00, 5.332880063768967e-01, 8.471378060443693e-01, 1.272303421286871e+00, -1.095876757826391e+00
110, 4.581072590130455e-01, 6.272127595880540e-02, 6.318404851958196e-01, 8.733428385576292e-01, -6.869379399494060e-03, 1.943836174162568e+00, 5.360890669391055e-01, 8.484563422253026e-01, 1.268270758771434e+00, -1.089299645583016e+00
111, 4.512765138121228e-01, 6.276553537145402e-02, 6.341019385449205e-01, 8.744280766995065e-01, -4.466946809047296e-03, 1.949993407606408e+00, 5.388233913342193e-01, 8.497425391423061e-01, 1.264337390430192e+00, -1.082879235150232e+00
112, 4.444130473591556e-01, 6.279120564315434e-02, 6.363018380811029e-01, 8.754610428427878e-01, -2.089598365132117e-03, 1.955979362628556e+00, 5.414883378671669e-01, 8.509928864894289e-01, 1.260514662292911e+00, -1.076621729437479e+00
113, 4.375167549704712e-01, 6.279835044387622e-02, 6.384381860387055e-01, 8.764357534666145e-01, 2.629069237904934e-04, 1.961786058734398e+00, 5.440835477497216e-01, 8.522102212049333e-01, 1.256793318761388e+00, -1.070527970907952e+00
114, 4.305875299637230e-01, 6.278703054065209e-02, 6.405135850540770e-01, 8.773603351864957e-01, 2.591601457636606e-03, 1.967423100844500e+00, 5.466096626118453e-01, 8.533927700623188e-01, 1.253178825636934e+00, -1.064596452963640e+00
115, 4.236252639261714e-01, 6.275728746622306e-02, 6.425342261631423e-01, 8.782334266400477e-01, 4.903735396380554e-03, 1.972905793801448e+00, 5.490761191885023e-01, 8.545476596122826e-01, 1.249649742360104e+00, -1.058805017402785e+00
116, 4.166298472646168e-01, 6.270906708823340e-02, 6.445160772173476e-01, 8.790719042407860e-01, 7.209437046316202e-03, 1.978280577877423e+00, 5.514983875166444e-01, 8.556782476206016e-01, 1.246194946374255e+00, -1.053117339352296e+00
117, 4.096011700564903e-01, 6.264224299948033e-02, 6.464679849613889e-01, 8.798727203083807e-01, 9.516759053851560e-03, 1.983569246388671e+00, 5.538902146715594e-01, 8.567945011300772e-01, 1.242784647542542e+00, -1.047501139589652e+00
118, 4.025391226137870e-01, 6.255662982905159e-02, 6.484022695321322e-01, 8.806487955237050e-01, 1.183282611570754e-02, 1.988807127473473e+00, 5.562632575919302e-01, 8.578983814990548e-01, 1.239411373391272e+00, -1.041929046698765e+00
119, 3.954435961181657e-01, 6.245198237838613e-02, 6.503247321916945e-01, 8.813951832577607e-01, 1.416547047916377e-02, 1.994008334758964e+00, 5.586279140375529e-01, 8.589984147687121e-01, 1.236050698638153e+00, -1.036376645915393e+00
120, 3.883144835863616e-01, 6.232798341812330e-02, 6.522500451053579e-01, 8.821281354104170e-01, 1.652282173553354e-02, 1.999214979993523e+00, 5.609974532193015e-01, 8.600956909534344e-01, 1.232696952698162e+00, -1.030812780080536e+00
121, 3.811516801764416e-01, 6.218425168957197e-02, 6.541785354699723e-01, 8.828381489374890e-01, 1.890891096088093e-02, 2.004425820429781e+00, 5.633764641565158e-01, 8.611968042512694e-01, 1.229331955571254e+00, -1.025226673813010e+00
122, 3.739550828812805e-01, 6.202039455539754e-02, 6.561119156324516e-01, 8.835340365368788e-01, 2.132383439249610e-02, 2.009647279836317e+00, 5.657632209335703e-01, 8.622968238401970e-01, 1.225968739591526e+00, -1.019622379699516e+00
123, 3.667245903645964e-01, 6.183602181437438e-02, 6.580428236948805e-01, 8.842023679976065e-01, 2.376659863093796e-02, 2.014857162339106e+00, 5.681532711246992e-01, 8.633986279715723e-01, 1.222600730981140e+00, -1.014010352388704e+00
124, 3.594601027485237e-01, 6.163074455631830e-02, 6.599735360854044e-01, 8.848545955517197e-01, 2.623738204757568e-02, 2.020063868726117e+00, 5.705444932851769e-01, 8.644960170211204e-01, 1.219244231058180e+00, -1.008395573200957e+00
125, 3.521615221421132e-01, 6.140416425600170e-02, 6.618994664221138e-01, 8.854786017008411e-01, 2.873807208319024e-02, 2.025253012267663e+00, 5.729358132804819e-01, 8.655934055627460e-01, 1.215888236316827e+00, -1.002780564289279e+00
126, 3.448287536132167e-01, 6.115584738571223e-02, 6.638261665590756e-01, 8.860871978954842e-01, 3.127235963600064e-02, 2.030442080315600e+00, 5.753291384517498e-01, 8.666864420755699e-01, 1.212543643663686e+00, -9.971608470654889e-01
127, 3.374617052873101e-01, 6.088532891577875e-02, 6.657501481643859e-01, 8.866669065842558e-01, 3.384221320038060e-02, 2.035619158209869e+00, 5.777254482166851e-01, 8.677811785841827e-01, 1.209194613860904e+00, -9.915341217791751e-01
128, 3.300602884071263e-01, 6.059212472086999e-02, 6.676751655757347e-01, 8.872306089065973e-01, 3.644823038477217e-02, 2.040796492550310e+00, 5.801239120795735e-01, 8.688714842034508e-01, 1.205856589865060e+00, -9.859023385001098e-01
129, 3.226244164113367e-01, 6.027575718550011e-02, 6.695887964947959e-01, 8.877609100055850e-01, 3.908802217440246e-02, 2.045938116039525e+00, 5.825148763065293e-01, 8.699591142443148e-01, 1.202527347464389e+00, -9.802881649607188e-01
130, 3.151540047114293e-01, 5.993575872878179e-02, 6.714896705799607e-01, 8.882694261220290e-01, 4.176036171124946e-02, 2.051042837829929e+00, 5.848910992629657e-01, 8.710351400607541e-01, 1.199231256629708e+00, -9.747086050930651e-01
131, 3.076489707517570e-01, 5.957166953570062e-02, 6.733645251959440e-01, 8.887376757859431e-01, 4.446283469690710e-02, 2.056072355512597e+00, 5.872423321589368e-01, 8.721016777473594e-01, 1.195965366034204e+00, -9.691877238683746e-01
132, 3.001092340750038e-01, 5.918303419788077e-02, 6.752153684525142e-01, 8.891794947964713e-01, 4.719463929953865e-02, 2.061034064205792e+00, 5.895648515016438e-01, 8.731508183127294e-01, 1.192749769145805e+00, -9.637342643429050e-01
133, 2.925347159333766e-01, 5.876940682556442e-02, 6.770330333721767e-01, 8.895774518324736e-01, 4.995612669017899e-02, 2.065900774190477e+00, 5.918536849554872e-01, 8.741873081252375e-01, 1.189573728471125e+00, -9.583599019548067e-01
134, 2.849253425008603e-01, 5.833029761342860e-02, 6.788349722127922e-01, 8.899522506489713e-01, 5.275867978080649e-02, 2.070722515103165e+00, 5.941235551551438e-01, 8.752105879555448e-01, 1.186435159287084e+00, -9.530300667907777e-01
135, 2.772810510000650e-01, 5.786507684621710e-02, 6.806425272519303e-01, 8.902997026634438e-01, 5.562432935504270e-02, 2.075555832540761e+00, 5.964057274652125e-01, 8.762392938818839e-01, 1.183280635377106e+00, -9.476713452962988e-01
136, 2.696017991806466e-01, 5.737285658946083e-02, 6.824909827742847e-01, 8.906436826672885e-01, 5.857488006082862e-02, 2.080497619186298e+00, 5.987374471092350e-01, 8.772825754787316e-01, 1.180077426800027e+00, -9.421962827340218e-01
137, 2.618875589295619e-01, 5.685263842566387e-02, 6.843836583403128e-01, 8.909667763595270e-01, 6.161696721274645e-02, 2.085553171575925e+00, 6.011302421265300e-01, 8.783527116709956e-01, 1.176791364720370e+00, -9.365778103537856e-01
138, 2.541383127914270e-01, 5.630338323892752e-02, 6.863219834902965e-01, 8.912812749140967e-01, 6.475335026362805e-02, 2.090728841899684e+00, 6.035799737929698e-01, 8.794414113379533e-01, 1.173444503162222e+00, -9.308256462079234e-01
139, 2.463540529846962e-01, 5.572403748667197e-02, 6.882903957139456e-01, 8.915672026076328e-01, 6.798285748547275e-02, 2.095980372388025e+00, 6.060734210879772e-01, 8.805490020811829e-01, 1.170039370223833e+00, -9.249708343007960e-01
140, 2.385347814553912e-01, 5.511353658321732e-02, 6.902801078996953e-01, 8.918334107499616e-01, 7.130472580329261e-02, 2.101286395875988e+00, 6.085938678100538e-01, 8.816621844454030e-01, 1.166613360985358e+00, -9.190526255986345e-01
141, 2.306805086313496e-01, 5.447082549080048e-02, 6.922705612390987e-01, 8.920573404094232e-01, 7.471648215644922e-02, 2.106588556746822e+00, 6.111222265143265e-01, 8.827794517514592e-01, 1.163174359002013e+00, -9.131158389350844e-01
142, 2.227912560855045e-01, 5.379482927951858e-02, 6.942592671608571e-01, 8.922484871771650e-01, 7.822625502732751e-02, 2.111882301709644e+00, 6.136500034333006e-01, 8.838916993399245e-01, 1.159747186682653e+00, -9.071804183495342e-01
143, 2.148670671790149e-01, 5.308434034179869e-02, 6.962497008919674e-01, 8.923954241158237e-01, 8.185421878992279e-02, 2.117176129353310e+00, 6.161860564481539e-01, 8.850072835345658e-01, 1.156309676012973e+00, -9.012255648348039e-01
144, 2.069080222865487e-01, 5.233788090362671e-02, 6.982610553960013e-01, 8.925121145114406e-01, 8.562496808773461e-02, 2.122522892519875e+00, 6.187487111482588e-01, 8.861280553551006e-01, 1.152851851282050e+00, -8.952082484543566e-01
145, 1.989142345001514e-01, 5.155379823859911e-02, 7.002842712563109e-01, 8.925773895476246e-01, 8.954899569767023e-02, 2.127895553288797e+00, 6.213334338707123e-01, 8.872588738228254e-01, 1.149362586567717e+00, -8.891391146080773e-01
146, 1.908858438460040e-01, 5.073035385862993e-02, 7.023134452832540e-01, 8.925941175238998e-01, 9.363500396758408e-02, 2.133278145183608e+00, 6.239288425676678e-01, 8.883908556186441e-01, 1.145865157640456e+00, -8.830448892465775e-01
147, 1.828230214059294e-01, 4.986570952060274e-02, 7.043425482937439e-01, 8.925464780753795e-01, 9.789898389029117e-02, 2.138653961774788e+00, 6.265322296611322e-01, 8.895277321793129e-01, 1.142352189461339e+00, -8.769319299776182e-01
148, 1.747259894260215e-01, 4.895777037072343e-02, 7.064121223664714e-01, 8.924545675585669e-01, 1.023826367666336e-01, 2.144134126007015e+00, 6.291871974874340e-01, 8.906800684275705e-01, 1.138786382572861e+00, -8.706978550590923e-01
149, 1.665944723997631e-01, 4.800387558501368e-02, 7.085559793616839e-01, 8.923108872292392e-01, 1.071218583192668e-01, 2.149808664503625e+00, 6.319404029176303e-01, 8.918708208304528e-01, 1.135100238560005e+00, -8.642331104592136e-01
150, 1.584290835548136e-01, 4.700123501192990e-02, 7.107723203060021e-01, 8.921085630623484e-01, 1.121242528277101e-01, 2.155670512726978e+00, 6.347890213169224e-01, 8.930975548451755e-01, 1.131298239942373e+00, -8.575443286444018e-01
151, 1.502305681748565e-01, 4.594708311278369e-02, 7.130338656562738e-01, 8.918246365564366e-01, 1.173885236108624e-01, 2.161644152096676e+00, 6.377031536779656e-01, 8.943518455340490e-01, 1.127407988892959e+00, -8.507017148540308e-01
152, 1.419993935935543e-01, 4.483853271591264e-02, 7.153114519368511e-01, 8.914519815131475e-01, 1.229335756735504e-01, 2.167653909187397e+00, 6.406429044520687e-01, 8.956139353248126e-01, 1.123489663944361e+00, -8.437989469989938e-01
153, 1.337361258871017e-01, 4.367233674305773e-02, 7.175927007878199e-01, 8.909668217488256e-01, 1.288033694419654e-01, 2.173664334470879e+00, 6.435960490641106e-01, 8.968821008874938e-01, 1.119549428195802e+00, -8.368647293507316e-01
154, 1.254414691820114e-01, 4.244470551628660e-02, 7.199207144929566e-01, 8.903902526114167e-01, 1.351246798524643e-01, 2.179802943721467e+00, 6.466037321857712e-01, 8.981596433729192e-01, 1.115576327697347e+00, -8.298024509585541e-01
155, 1.171167097972730e-01, 4.115011753492693e-02, 7.222796196429758e-01, 8.897398212528093e-01, 1.420239470441013e-01, 2.186046173379104e+00, 6.496280339083029e-01, 8.994134906221157e-01, 1.111674182117225e+00, -8.227011507741553e-01
156, 1.087694167469614e-01, 3.978354374293887e-02, 7.241332248499849e-01, 8.888116543444964e-01, 1.492755775972271e-01, 2.190929925567168e+00, 6.520294522782232e-01, 9.004274764678847e-01, 1.108519079950126e+00, -8.170624300783719e-01
157, 1.003952677936051e-01, 3.834129786587594e-02, 7.236827604110330e-01, 8.864628655667373e-01, 1.554039087595131e-01, 2.189317268548677e+00, 6.518810923204663e-01, 9.007829507368875e-01, 1.107417243928055e+00, -8.174107910198504e-01
158, 1.101355729020569e-01, -4.037166043330016e-02, 1.015559122337382e+00, 8.931582087619927e-01, -1.425990820243526e-01, 2.963000514444536e+00, 1.024093665335288e+00, 1.008403787441014e+00, 7.495622917460300e-01, 5.657383613996409e-02
159, 1.184293112626041e-01, -4.167247698879007e-02, 1.010120859717153e+00, 8.986166058357430e-01, -1.373891941083512e-01, 2.949549929037983e+00, 1.016198443163064e+00, 1.006016689376767e+00, 7.583190118582033e-01, 3.803522861619332e-02
160, 1.266949765738098e-01, -4.290362719375650e-02, 1.003057705288501e+00, 9.035469638674213e-01, -1.311220071255242e-01, 2.931594249313188e+00, 1.006427900972590e+00, 1.003359922032720e+00, 7.679942387385934e-01, 1.509322103078240e-02
161, 1.349370154257646e-01, -4.406785853380754e-02, 9.972311060599349e-01, 9.079666611997640e-01, -1.250383367389665e-01, 2.916876629193657e+00, 9.982765560741499e-01, 1.001048352791908e+00, 7.763581475978927e-01, -4.046782957288698e-03
162, 1.431480111345481e-01, -4.516940618219863e-02, 9.923216805711741e-01, 9.118932304258097e-01, -1.193982570052841e-01, 2.904538285913489e+00, 9.913453500317572e-01, 9.990161148763222e-01, 7.836685760494029e-01, -2.032180418954362e-02
163, 1.513267543898643e-01, -4.621387930283587e-02, 9.876497193539607e-01, 9.154602608144131e-01, -1.141538850054696e-01, 2.892783203637678e+00, 9.847650122429957e-01, 9.970792204417860e-01, 7.906024256510777e-01, -3.577295894854015e-02
164, 1.594726382627943e-01, -4.720504834055866e-02, 9.830339471550750e-01, 9.187343524977363e-01, -1.091823295101721e-01, 2.881132615137126e+00, 9.782996317167247e-01, 9.951839756378186e-01, 7.973537406684214e-01, -5.095418494241400e-02
165, 1.675851933898350e-01, -4.814604590232088e-02, 9.785525739668735e-01, 9.217664825169358e-01, -1.044348171951069e-01, 2.869806692978956e+00, 9.720383962181715e-01, 9.933430477605361e-01, 8.038828953892930e-01, -6.565606222839430e-02
166, 1.756640522355140e-01, -4.903952746118333e-02, 9.742282828917275e-01, 9.245821937409953e-01, -9.987667691744109e-02, 2.858867156895000e+00, 9.660058082100902e-01, 9.915600123440974e-01, 8.101781252212780e-01, -7.982105708159536e-02
167, 1.837089222127677e-01, -4.988780605529227e-02, 9.700369115182050e-01, 9.272124766896966e-01, -9.548238270076524e-02, 2.848255887832044e+00, 9.601669321362974e-01, 9.898251507084819e-01, 8.162784829124502e-01, -9.353120095731797e-02
168, 1.917187535304286e-01, -5.069282465201876e-02, 9.659508862426165e-01, 9.296690443012948e-01, -9.122373287282458e-02, 2.837898819857807e+00, 9.544865115818819e-01, 9.881315139061273e-01, 8.222099615252375e-01, -1.068692787125907e-01
169, 1.996941050086617e-01, -5.145636745535628e-02, 9.619659938139105e-01, 9.319669816656078e-01, -8.708345051621050e-02, 2.827786797183983e+00, 9.489573478432404e-01, 9.864770209609025e-01, 8.279822235170605e-01, -1.198521934741234e-01
170, 2.076349245010437e-01, -5.218005241984925e-02, 9.580773350572143e-01, 9.341167959981852e-01, -8.306423767488724e-02, 2.817908238314021e+00, 9.435718828236300e-01, 9.848598315576289e-01, 8.336037706678765e-01, -1.324976922522072e-01
171, 2.155410818676431e-01, -5.286553677817261e-02, 9.542600324089137e-01, 9.361484619631293e-01, -7.917441928088829e-02, 2.808202722460474e+00, 9.382911488153080e-01, 9.832656895906096e-01, 8.391241698356400e-01, -1.448972743136378e-01
172, 2.234124685137211e-01, -5.351444695820883e-02, 9.504606263817973e-01, 9.380909580941292e-01, -7.540122261208554e-02, 2.798536260759966e+00, 9.330417150594634e-01, 9.816731899893172e-01, 8.446206715856089e-01, -1.572233609010440e-01
173, 2.312490164172838e-01, -5.412811576586050e-02, 9.466273854718932e-01, 9.399650398265506e-01, -7.170109943642458e-02, 2.788773429252298e+00, 9.277532730722031e-01, 9.800617300013128e-01, 8.501621443494323e-01, -1.696410419080420e-01
174, 2.390507098021216e-01, -5.470735937906853e-02, 9.427374270321625e-01, 9.417644187741477e-01, -6.803125585452316e-02, 2.778852389783617e+00, 9.224005979139044e-01, 9.784278967450347e-01, 8.557625950842999e-01, -1.822095474924759e-01
175, 2.468175557558007e-01, -5.525277245252510e-02, 9.388007857173680e-01, 9.435014358900011e-01, -6.437667460542558e-02, 2.768801022784634e+00, 9.169923802996566e-01, 9.767699327168257e-01, 8.614251714752847e-01, -1.949084711663931e-01
176, 2.545495700446684e-01, -5.576488643024595e-02, 9.348046253117969e-01, 9.451788935733787e-01, -6.073087792865166e-02, 2.758588209540668e+00, 9.115125320238535e-01, 9.750834637984654e-01, 8.671673012124581e-01, -2.077755893118872e-01
177, 2.622467762759384e-01, -5.624416675938085e-02, 9.307167468273705e-01, 9.468193198244442e-01, -5.707874843633821e-02, 2.748132100361103e+00, 9.059126405653820e-01, 9.733494574514312e-01, 8.730495761211243e-01, -2.209245783662488e-01
178, 2.699092138582065e-01, -5.669085687996043e-02, 9.264857237467992e-01, 9.484260894674812e-01, -5.337492408022054e-02, 2.737300432456383e+00, 9.001279799514694e-01, 9.715508365431293e-01, 8.791330901510643e-01, -2.345074200444506e-01
179, 2.775369506396272e-01, -5.710467827081576e-02, 9.220903455645718e-01, 9.499919822271458e-01, -4.956190268013847e-02, 2.726031203628168e+00, 8.941321163338849e-01, 9.696795120291939e-01, 8.854388341407389e-01, -2.485861831175805e-01
180, 2.851300684092387e-01, -5.748495874454008e-02, 9.175525076495338e-01, 9.515060242595047e-01, -4.560178580742960e-02, 2.714383510695038e+00, 8.879569338840702e-01, 9.677450897700909e-01, 8.919372497356454e-01, -2.630860010235980e-01
181, 2.926886456763016e-01, -5.783085267351637e-02, 9.129112612533419e-01, 9.529570882540882e-01, -4.146755193961095e-02, 2.702454903725512e+00, 8.816533282409140e-01, 9.657601627462524e-01, 8.985803207101641e-01, -2.778873667678361e-01
182, 3.002127563743532e-01, -5.814129213932331e-02, 9.082065360659148e-01, 9.543266626138862e-01, -3.713635419815065e-02, 2.690350132210809e+00, 8.752785854630648e-01, 9.637439841101736e-01, 9.053075626244095e-01, -2.928557681434565e-01
183, 3.077024606396577e-01, -5.841511145015554e-02, 9.034917644017137e-01, 9.556077127614581e-01, -3.259565758918364e-02, 2.678206357669934e+00, 8.689013784342782e-01, 9.617147744668806e-01, 9.120544919608917e-01, -3.078299557756220e-01
184, 3.151578008001206e-01, -5.865108367289876e-02, 8.988235034057014e-01, 9.567793922016188e-01, -2.783491399511751e-02, 2.666169467060653e+00, 8.626009354775244e-01, 9.597000214269795e-01, 9.187330286837908e-01, -3.226238952814777e-01
185, 3.225787996210685e-01, -5.884791518623130e-02, 8.942811518451386e-01, 9.578292285858528e-01, -2.284727030158826e-02, 2.654443968273331e+00, 8.564822331582104e-01, 9.577326228905316e-01, 9.252335359903749e-01, -3.369910933638342e-01
186, 3.299654563928694e-01, -5.900430926960359e-02, 8.899642350987138e-01, 9.587317025127383e-01, -1.764479671466350e-02, 2.643286242455339e+00, 8.506819650237947e-01, 9.558608441489089e-01, 9.314010435734610e-01, -3.506105827374035e-01
187, 3.373177425013413e-01, -5.911918819989632e-02, 8.859887208199843e-01, 9.594891285343377e-01, -1.226199071505943e-02, 2.633000842773131e+00, 8.453489903472520e-01, 9.541306457771606e-01, 9.370858640766455e-01, -3.631328300289944e-01
188, 3.446356043737089e-01, -5.919180058973246e-02, 8.824439201760204e-01, 9.601012282976100e-01, -6.740180591065384e-03, 2.623823016519344e+00, 8.406003948076404e-01, 9.525822271402431e-01, 9.421615069919119e-01, -3.742829087826611e-01
189, 3.519189697783634e-01, -5.922170498637860e-02, 8.793960769584801e-01, 9.605788898442658e-01, -1.110320713900823e-03, 2.615927538113830e+00, 8.365194908635112e-01, 9.512431460426070e-01, 9.465400973022390e-01, -3.838651947414504e-01
190, 3.591677548405193e-01, -5.920861012302098e-02, 8.768950086922036e-01, 9.609217950451364e-01, 4.607884308710964e-03, 2.609445230891213e+00, 8.331731921945575e-01, 9.501401923100777e-01, 9.501399440182864e-01, -3.917225692811180e-01
191, 3.663818672696395e-01, -5.915236384490788e-02, 8.750032729703051e-01, 9.611408545222696e-01, 1.039307190291199e-02, 2.604541106979340e+00, 8.306401451216512e-01, 9.492994721059068e-01, 9.528775866054535e-01, -3.976703646058724e-01
192, 3.735612096958500e-01, -5.905297992250565e-02, 8.737791416538939e-01, 9.612299202379542e-01, 1.622491308412519e-02, 2.601365710605293e+00, 8.289994154038722e-01, 9.487516649055477e-01, 9.546565859209767e-01, -4.015229280457591e-01
193, 3.807056829020605e-01, -5.891059409302885e-02, 8.732874215822304e-01, 9.612037194174878e-01, 2.207591918174878e-02, 2.600094529720060e+00, 8.283320404353913e-01, 9.485216664802196e-01, 9.553997052724671e-01, -4.030899773753376e-01
194, 3.878151929905138e-01, -5.872561791733329e-02, 8.735600552411602e-01, 9.610507066395965e-01, 2.790347570597072e-02, 2.600804481089032e+00, 8.286827507594804e-01, 9.486271101655503e-01, 9.550469632497254e-01, -4.022664817331636e-01
195, 3.948896589957897e-01, -5.849878287310906e-02, 8.745901061781934e-01, 9.607970686715520e-01, 3.367502522469305e-02, 2.603488574796041e+00, 8.300358437619691e-01, 9.490569786903734e-01, 9.536379725407843e-01, -3.990893121020732e-01
196, 4.019290138664661e-01, -5.823095534895759e-02, 8.763070746646141e-01, 9.604312959374691e-01, 3.936950522946048e-02, 2.607956043708171e+00, 8.323024054710932e-01, 9.497839621911502e-01, 9.512575533377124e-01, -3.937672455360826e-01
197, 4.089332075176368e-01, -5.792313323698916e-02, 8.786336583314264e-01, 9.599463658030261e-01, 4.496537037714218e-02, 2.614000990627016e+00, 8.353833391202147e-01, 9.507754809969988e-01, 9.480081164777758e-01, -3.865329690987729e-01
198, 4.159022092014675e-01, -5.757643809411156e-02, 8.814877541559835e-01, 9.593541199171881e-01, 5.044548171804067e-02, 2.621414003822140e+00, 8.391684613697118e-01, 9.519910599021401e-01, 9.440212722995147e-01, -3.776452020059367e-01
199, 4.228360093722412e-01, -5.719209544420614e-02, 8.847872362978859e-01, 9.586428423532330e-01, 5.579270685059776e-02, 2.629974664630941e+00, 8.435535576635109e-01, 9.533970688739766e-01, 9.394016957676885e-01, -3.673486482964430e-01
200, 4.297346198058632e-01, -5.677140391328082e-02, 8.884726586263889e-01, 9.577934306840109e-01, 6.099100081600223e-02, 2.639520134138849e+00, 8.484661283641027e-01, 9.549715684845747e-01, 9.342159827656815e-01, -3.558135428662941e-01
201, 4.365980760923819e-01, -5.631575306866481e-02, 8.925097290909138e-01, 9.568412639799712e-01, 6.602237872077642e-02, 2.649980932014592e+00, 8.538536319130674e-01, 9.566883184374692e-01, 9.285580914998879e-01, -3.431632574596898e-01
202, 4.434264433385953e-01, -5.582668104082192e-02, 8.968323175528424e-01, 9.557675995344046e-01, 7.086848969612088e-02, 2.661169809675071e+00, 8.596327436084854e-01, 9.585211491420578e-01, 9.225008686533478e-01, -3.295934450819824e-01
203, 4.502198092662784e-01, -5.530575167757688e-02, 9.013645985798679e-01, 9.545522274353974e-01, 7.551857200576068e-02, 2.672879859147646e+00, 8.657108475556092e-01, 9.604446956531990e-01, 9.161232354080023e-01, -3.153215751958083e-01
204, 4.569782833974688e-01, -5.475454442824344e-02, 9.060436345838563e-01, 9.532644073063375e-01, 7.997200708665146e-02, 2.684973239244337e+00, 8.719883065125111e-01, 9.624131479197613e-01, 9.095831404446070e-01, -3.005816039435731e-01
205, 4.637019999671004e-01, -5.417469229613731e-02, 9.107810370326394e-01, 9.518402243442702e-01, 8.421481949485426e-02, 2.697183130523779e+00, 8.783657951203321e-01, 9.644094018273399e-01, 9.029184787844489e-01, -2.856067551415140e-01
206, 4.703911137140167e-01, -5.356783308461618e-02, 9.155748618431344e-01, 9.502761091706989e-01, 8.824063909023146e-02, 2.709506756408915e+00, 8.848433095076860e-01, 9.664346918900951e-01, 8.961279484394539e-01, -2.703970378799523e-01
207, 4.770457570055289e-01, -5.293560288774533e-02, 9.204589190378931e-01, 9.486962851372106e-01, 9.206327015973638e-02, 2.722096816762793e+00, 8.914371331401909e-01, 9.684703083457138e-01, 8.893054442922312e-01, -2.549142172908077e-01
208, 4.836654526081351e-01, -5.227970398520395e-02, 9.253896842708261e-01, 9.469355995503933e-01, 9.565539316993454e-02, 2.734757206893678e+00, 8.981287133810045e-01, 9.705410905770986e-01, 8.823266334153703e-01, -2.392018564360748e-01
209, 4.902511289904734e-01, -5.160170357293065e-02, 9.303985487232110e-01, 9.451313628424930e-01, 9.902653564136585e-02, 2.747637831690696e+00, 9.049276699821591e-01, 9.726236903787031e-01, 8.753012315392140e-01, -2.232373673754131e-01
210, 4.968030122761619e-01, -5.090322802014149e-02, 9.353687758956530e-01, 9.433161393253965e-01, 1.021869392025947e-01, 2.760429620891771e+00, 9.116729040994972e-01, 9.746668133395129e-01, 8.683916456622294e-01, -2.073990229653960e-01
211, 5.033213417459780e-01, -5.018587837829275e-02, 9.401913542502740e-01, 9.413137553420537e-01, 1.051056490642466e-01, 2.772753774141329e+00, 9.182640212227527e-01, 9.766777976330079e-01, 8.615273046967827e-01, -1.919225574745170e-01
212, 5.098063702692184e-01, -4.945124456838161e-02, 9.449222255558071e-01, 9.393420253411447e-01, 1.078179767312044e-01, 2.784861517709833e+00, 9.247251914537066e-01, 9.786257180158712e-01, 8.548649052046597e-01, -1.767512175878028e-01
213, 5.162583634103305e-01, -4.870090690924370e-02, 9.495408066456569e-01, 9.373248917031780e-01, 1.103172903840707e-01, 2.796667182041725e+00, 9.310503215468796e-01, 9.805269189387482e-01, 8.483400713843148e-01, -1.618993107286570e-01
214, 5.226775946497436e-01, -4.793640380904274e-02, 9.541207152820984e-01, 9.351780360485391e-01, 1.125891600985623e-01, 2.808327389353934e+00, 9.373514955184549e-01, 9.824244254473760e-01, 8.417870445008968e-01, -1.471036547420521e-01
215, 5.290643362988189e-01, -4.715917029802898e-02, 9.587054451334375e-01, 9.331227531304648e-01, 1.146867533578953e-01, 2.820069377810295e+00, 9.436392868064813e-01, 9.842848933387885e-01, 8.353814957598501e-01, -1.323394223572807e-01
216, 5.354188512746078e-01, -4.637048399490430e-02, 9.631675680307971e-01, 9.310020319283703e-01, 1.166028157775992e-01, 2.831465303096381e+00, 9.497807550026597e-01, 9.861012626748772e-01, 8.290939990564927e-01, -1.179187681913693e-01
217, 5.417413956413227e-01, -4.557150459411246e-02, 9.674885759462584e-01, 9.288279427716626e-01, 1.183470723211117e-01, 2.842464056681817e+00, 9.557478492048735e-01, 9.878647386302193e-01, 8.229504342410348e-01, -1.039075579861146e-01
218, 5.480322223030890e-01, -4.476331359324471e-02, 9.716519353875303e-01, 9.267348872501430e-01, 1.199576773944889e-01, 2.853081052542092e+00, 9.614916385803483e-01, 9.895432752849613e-01, 8.170930986420382e-01, -9.042068521567524e-02
219, 5.542915849795054e-01, -4.394695457481591e-02, 9.756422791987152e-01, 9.245618421805326e-01, 1.214136990096329e-01, 2.863202872735810e+00, 9.670281346723535e-01, 9.911707961923951e-01, 8.113717283777567e-01, -7.742055350720045e-02
220, 5.605197375532724e-01, -4.312343271196464e-02, 9.795847725005944e-01, 9.223721411119785e-01, 1.227238887453865e-01, 2.873197348498343e+00, 9.725037293563981e-01, 9.927713829951434e-01, 8.057234943914388e-01, -6.456342313234234e-02
221, 5.667169332128789e-01, -4.229371436813953e-02, 9.834942633290922e-01, 9.202365400625996e-01, 1.239088315241164e-01, 2.883148628996060e+00, 9.779277348118756e-01, 9.943400498358027e-01, 8.001987071139232e-01, -5.182742835569750e-02
222, 5.728834238823090e-01, -4.145872674977518e-02, 9.873348395671969e-01, 9.180436168524947e-01, 1.249500572948131e-01, 2.892894839936072e+00, 9.832723269873341e-01, 9.958853750348324e-01, 7.947232091155886e-01, -3.927790225571963e-02
223, 5.790194566742709e-01, -4.061933748197207e-02, 9.910874909798248e-01, 9.158650010071183e-01, 1.258682990876687e-01, 2.902416916841550e+00, 9.884993435144676e-01, 9.973885782144233e-01, 7.893803823050497e-01, -2.700445309836680e-02
224, 5.851252685388688e-01, -3.977631975931969e-02, 9.947000315761263e-01, 9.137292185444038e-01, 1.266850114524217e-01, 2.911583460113656e+00, 9.935365407890855e-01, 9.988303098923228e-01, 7.842419338303013e-01, -1.517671459311195e-02
225, 5.912010914689690e-01, -3.893039486476759e-02, 9.981784003991722e-01, 9.115497393381796e-01, 1.273911836663042e-01, 2.920368599822357e+00, 9.984079543570991e-01, 1.000229972876427e+00, 7.792169821814426e-01, -3.738249372830238e-03
226, 5.972471534297720e-01, -3.808224298628178e-02, 1.001590092242911e+00, 9.093863413408267e-01, 1.279998584193596e-01, 2.928985528665191e+00, 1.003188495773734e+00, 1.001595865956745e+00, 7.742979802826003e-01, 7.486840832474543e-03
227, 6.032636794708319e-01, -3.723251385683963e-02, 1.004950226718835e+00, 9.072511990517916e-01, 1.285207111501830e-01, 2.937488365331666e+00, 1.007898053340996e+00, 1.002933306091970e+00, 7.694800916013012e-01, 1.854525533247870e-02
228, 6.092508920800221e-01, -3.638183035925398e-02, 1.008261393225543e+00, 9.050828110417979e-01, 1.289399475411558e-01, 2.945849405470586e+00, 1.012549341067097e+00, 1.004252813675466e+00, 7.647026654816536e-01, 2.946684762631895e-02
229, 6.152090105239955e-01, -3.553078639121486e-02, 1.011517800160727e+00, 9.029389920497871e-01, 1.292712636091829e-01, 2.954081163399511e+00, 1.017125249999522e+00, 1.005543599764535e+00, 7.600221368520006e-01, 4.021144453724428e-02
230, 6.211382516721683e-01, -3.467995449131790e-02, 1.014684820768837e+00, 9.008137336071022e-01, 1.295201190822048e-01, 2.962080827107201e+00, 1.021581471669749e+00, 1.006796840516138e+00, 7.554612942520124e-01, 5.067500626878309e-02
231, 6.270388298302852e-01, -3.382988657765453e-02, 1.017762782355398e+00, 8.986646788965693e-01, 1.296796228351177e-01, 2.969829944078971e+00, 1.025926641227560e+00, 1.008021376900095e+00, 7.509784775150879e-01, 6.087780883713634e-02
232, 6.329109558909126e-01, -3.298110825505420e-02, 1.020782157037725e+00, 8.965388133369581e-01, 1.297629392082752e-01, 2.977433899987821e+00, 1.030190917282598e+00, 1.009217206805590e+00, 7.465892071434502e-01, 7.089066704845980e-02
233, 6.387548379790710e-01, -3.213412543299173e-02, 1.023751882545872e+00, 8.944151028235706e-01, 1.297691793794609e-01, 2.984912189302673e+00, 1.034391363818078e+00, 1.010392636588611e+00, 7.422649319064275e-01, 8.075364848801950e-02
234, 6.445706823468039e-01, -3.128943174407230e-02, 1.026683160195549e+00, 8.922747555920143e-01, 1.296920312216221e-01, 2.992282932591039e+00, 1.038544107691205e+00, 1.011552685341987e+00, 7.379784637886746e-01, 9.050462029493049e-02
235, 6.503586953586675e-01, -3.044752238603909e-02, 1.029577157757373e+00, 8.901544807628931e-01, 1.295359019795544e-01, 2.999568081637480e+00, 1.042645317064243e+00, 1.012692744014771e+00, 7.337599010224309e-01, 1.001345850104323e-01
236, 6.561190848779663e-01, -2.960890550448089e-02, 1.032408218703633e+00, 8.880385766948761e-01, 1.292990603230038e-01, 3.006686143099483e+00, 1.046664315881193e+00, 1.013808585518101e+00, 7.296148934199630e-01, 1.095715128233131e-01
237, 6.618520581225030e-01, -2.877408734534340e-02, 1.035177829626841e+00, 8.859211606567823e-01, 1.289782614530134e-01, 3.013637776387347e+00, 1.050604094258381e+00, 1.014902043098335e+00, 7.255351705715910e-01, 1.188224247637397e-01
238, 6.675578207994398e-01, -2.794356789743832e-02, 1.037893090526090e+00, 8.838294632045086e-01, 1.285817408118067e-01, 3.020453372274886e+00, 1.054468448924421e+00, 1.015970198231042e+00, 7.215382314771629e-01, 1.278962358514622e-01
239, 6.732365748090277e-01, -2.711782620549527e-02, 1.040552158302491e+00, 8.817407665096024e-01, 1.281088800423736e-01, 3.027121429027565e+00, 1.058260609895440e+00, 1.017018321908858e+00, 7.176039234700929e-01, 1.368005304204010e-01
240, 6.788885184891412e-01, -2.629732214005123e-02, 1.043170517538910e+00, 8.796615692872248e-01, 1.275610745460588e-01, 3.033683913379847e+00, 1.061997600313320e+00, 1.018047943704187e+00, 7.137252816179482e-01, 1.455752801571331e-01
241, 6.845138461200161e-01, -2.548249452528275e-02, 1.045743694586821e+00, 8.776006413128926e-01, 1.269428254640169e-01, 3.040136097705783e+00, 1.065673926029302e+00, 1.019058428509441e+00, 7.099121276566951e-01, 1.542075843648488e-01
242, 6.901127489281299e-01, -2.467376878262238e-02, 1.048265572613078e+00, 8.755505306659984e-01, 1.262541472732092e-01, 3.046453029283694e+00, 1.069281480443560e+00, 1.020048266755622e+00, 7.061622133481581e-01, 1.626784081045355e-01
243, 6.956854158105462e-01, -2.387156165097368e-02, 1.050735299336038e+00, 8.735097097499104e-01, 1.254948969802968e-01, 3.052633629912193e+00, 1.072820460708645e+00, 1.021018767891935e+00, 7.024734208811468e-01, 1.709882143060128e-01
244, 7.012320333729768e-01, -2.307628315651068e-02, 1.053155308031947e+00, 8.714905902396831e-01, 1.246689915490068e-01, 3.058687765095996e+00, 1.076291077164540e+00, 1.021968050634267e+00, 6.988540040292421e-01, 1.791374968642331e-01
245, 7.067527861177839e-01, -2.228833876483153e-02, 1.055526286950756e+00, 8.694793589589453e-01, 1.237743929480087e-01, 3.064613554790974e+00, 1.079697577842603e+00, 1.022899752654834e+00, 6.952902308130938e-01, 1.871362304935745e-01
246, 7.122478563462116e-01, -2.150812790275101e-02, 1.057857438135323e+00, 8.674855908324449e-01, 1.228118844712202e-01, 3.070437212625939e+00, 1.083048711787870e+00, 1.023813486339852e+00, 6.917829614166637e-01, 1.950049586453217e-01
247, 7.177172915573785e-01, -2.073606364377502e-02, 1.060144990464612e+00, 8.655093773400224e-01, 1.217820507101474e-01, 3.076152227368878e+00, 1.086341481430956e+00, 1.024710290763967e+00, 6.883337113448578e-01, 2.027366427889443e-01
248, 7.231609181930988e-01, -1.997259917081572e-02, 1.062388644121531e+00, 8.635504848036439e-01, 1.206822123168398e-01, 3.081753131678665e+00, 1.089574038279418e+00, 1.025588935187053e+00, 6.849418784695227e-01, 2.103269425176538e-01
249, 7.285794056000667e-01, -1.921807049593756e-02, 1.064584539954538e+00, 8.616129924925974e-01, 1.195130545497431e-01, 3.087233328977771e+00, 1.092742043338853e+00, 1.026449288269316e+00, 6.816125180501734e-01, 2.177656695286309e-01
250, 7.339729287837619e-01, -1.847287590310889e-02, 1.066729947989590e+00, 8.597032764216386e-01, 1.182772754649206e-01, 3.092584033799040e+00, 1.095839633018591e+00, 1.027288710778077e+00, 6.783527244248485e-01, 2.250390556461707e-01
251, 7.393416593016385e-01, -1.773740307324025e-02, 1.068823008832242e+00, 8.578154983385593e-01, 1.169749249976234e-01, 3.097800262983683e+00, 1.098866657040829e+00, 1.028109095669087e+00, 6.751577544639522e-01, 2.321467480060787e-01
252, 7.446857649100257e-01, -1.701202672034698e-02, 1.070866528787859e+00, 8.559609204794534e-01, 1.156096121423131e-01, 3.102891289722294e+00, 1.101823618697297e+00, 1.028908448510833e+00, 6.720348256576235e-01, 2.390899283772359e-01
253, 7.500054090654453e-01, -1.629710661393740e-02, 1.072856596125345e+00, 8.541367425894633e-01, 1.141834552945420e-01, 3.107847904169671e+00, 1.104707345302807e+00, 1.029687797318386e+00, 6.689833703120337e-01, 2.458611470433160e-01
254, 7.553007502382846e-01, -1.559298158108848e-02, 1.074793382748212e+00, 8.523504233681289e-01, 1.127013899471770e-01, 3.112668913674962e+00, 1.107515016416931e+00, 1.030444580506302e+00, 6.660096074706868e-01, 2.524537813866131e-01
255, 7.605719396029389e-01, -1.489995169416781e-02, 1.076672572252035e+00, 8.506008092338262e-01, 1.111726897654500e-01, 3.117345922053196e+00, 1.110242938365627e+00, 1.031179735584212e+00, 6.631151848023623e-01, 2.588591583676792e-01
256, 7.658191157070501e-01, -1.421823684469398e-02, 1.078496586947756e+00, 8.488881644197058e-01, 1.096065459134231e-01, 3.121882805487656e+00, 1.112892755186888e+00, 1.031892700130351e+00, 6.602991199523204e-01, 2.650811383180420e-01
257, 7.710424108659537e-01, -1.354802228896627e-02, 1.080269350891452e+00, 8.472035978288072e-01, 1.080074906424625e-01, 3.126290097244239e+00, 1.115472023512638e+00, 1.032586940092427e+00, 6.575508060269081e-01, 2.711374648084858e-01
258, 7.762419505732713e-01, -1.288945311922688e-02, 1.081998586065883e+00, 8.455498207177127e-01, 1.063799177656215e-01, 3.130587175031727e+00, 1.117988634283256e+00, 1.033262564924629e+00, 6.548673656783213e-01, 2.770466663925429e-01
259, 7.814178572892584e-01, -1.224266296104035e-02, 1.083687113557668e+00, 8.439154343273216e-01, 1.047238848872456e-01, 3.134781419468453e+00, 1.120449625704834e+00, 1.033923548307663e+00, 6.522365971833682e-01, 2.828252693360431e-01
260, 7.865702511016937e-01, -1.160777823832455e-02, 1.085342491917324e+00, 8.423030067944248e-01, 1.030397502555807e-01, 3.138891844445244e+00, 1.122862855293947e+00, 1.034570067657022e+00, 6.496554367106198e-01, 2.884917237107808e-01
261, 7.916992502135642e-01, -1.098492260975051e-02, 1.086966131767662e+00, 8.407032297068876e-01, 1.013266613869427e-01, 3.142922383935721e+00, 1.125233101703480e+00, 1.035205301082920e+00, 6.471145239180250e-01, 2.940572501725376e-01
262, 7.968049713153910e-01, -1.037422018516513e-02, 1.088563725080057e+00, 8.391173831819423e-01, 9.958229292434331e-02, 3.146885589848907e+00, 1.127565845334379e+00, 1.035828972944559e+00, 6.446110267144295e-01, 2.995347171371728e-01
263, 8.018875325980919e-01, -9.775819996553522e-03, 1.090137621072474e+00, 8.375382465462636e-01, 9.779951585438380e-02, 3.150788737909211e+00, 1.129866816761112e+00, 1.036444202016945e+00, 6.421362672035570e-01, 3.049375804478068e-01
264, 8.069470558725365e-01, -9.189917850776221e-03, 1.091689538792817e+00, 8.359730087282449e-01, 9.597392481267211e-02, 3.154636130067967e+00, 1.132135912020094e+00, 1.037049336638329e+00, 6.396946623995585e-01, 3.102655959897010e-01
265, 8.119836626049263e-01, -8.616723928475669e-03, 1.093217033728208e+00, 8.344151836059931e-01, 9.410133011766166e-02, 3.158421066075552e+00, 1.134372309976104e+00, 1.037646025426026e+00, 6.372817677319904e-01, 3.155168356722653e-01
266, 8.169974745635841e-01, -8.056470464086658e-03, 1.094721887224377e+00, 8.328746800051345e-01, 9.218007589012585e-02, 3.162148550514065e+00, 1.136575258323176e+00, 1.038231967029468e+00, 6.349045011333869e-01, 3.206895330214524e-01
267, 8.219886118538232e-01, -7.509396575943243e-03, 1.096201483146556e+00, 8.313440535321575e-01, 9.020708083578903e-02, 3.165811820564510e+00, 1.138744121279534e+00, 1.038809141190780e+00, 6.325578392749578e-01, 3.257821951712549e-01
268, 8.269571938081129e-01, -6.975756768539264e-03, 1.097657096639418e+00, 8.298322688856904e-01, 8.818132149486835e-02, 3.169414785428776e+00, 1.140877919354797e+00, 1.039375523419567e+00, 6.302482727032274e-01, 3.307925222006133e-01
269, 8.319033374269716e-01, -6.455808212197808e-03, 1.099086263851200e+00, 8.283320142632167e-01, 8.610046747705526e-02, 3.172950340503511e+00, 1.142975808267592e+00, 1.039932756745229e+00, 6.279710015621951e-01, 3.357185316699355e-01
270, 8.368271580473187e-01, -5.949819346957678e-03, 1.100490679302308e+00, 8.268534344252787e-01, 8.396345780429511e-02, 3.176423602674081e+00, 1.145036989544418e+00, 1.040478589305592e+00, 6.257332474714123e-01, 3.405583487001461e-01
271, 8.417287691436686e-01, -5.458067263967557e-03, 1.101868134555425e+00, 8.253880665656724e-01, 8.176543577223822e-02, 3.179828129489199e+00, 1.147061310404078e+00, 1.041015049288895e+00, 6.235289503291203e-01, 3.453116145488833e-01
272, 8.466082841816938e-01, -4.980861205106980e-03, 1.103218505224524e+00, 8.239487905121796e-01, 7.950468412841230e-02, 3.183165556988686e+00, 1.149045571865514e+00, 1.041539428883730e+00, 6.213685355410490e-01, 3.499708177550338e-01
273, 8.514658129817956e-01, -4.518507591863885e-03, 1.104537229874473e+00, 8.225285871573512e-01, 7.718064515393049e-02, 3.186422501887062e+00, 1.150985999617776e+00, 1.042052697262710e+00, 6.192490266544108e-01, 3.545270959372977e-01
274, 8.563014614353670e-01, -4.071307427614353e-03, 1.105825319904986e+00, 8.211400986535192e-01, 7.479519246911268e-02, 3.189603602603196e+00, 1.152880721984562e+00, 1.042552292150101e+00, 6.171802113821921e-01, 3.589760542513429e-01
275, 8.611153310102475e-01, -3.639551875322852e-03, 1.107081234930963e+00, 8.197715711099605e-01, 7.234822705361327e-02, 3.192702996403076e+00, 1.154730701887853e+00, 1.043040623807396e+00, 6.151534955570489e-01, 3.633199537143169e-01
276, 8.659075187474804e-01, -3.223522642691139e-03, 1.108307524635045e+00, 8.184296141068335e-01, 6.984037386556281e-02, 3.195728747549050e+00, 1.156537437791728e+00, 1.043516724451153e+00, 6.131727762159057e-01, 3.675623128386593e-01
277, 8.706781184352588e-01, -2.823503557595292e-03, 1.109505746221951e+00, 8.171030605024218e-01, 6.726324132800085e-02, 3.198682652876143e+00, 1.158305278576051e+00, 1.043983127189986e+00, 6.112277267771491e-01, 3.717133431390335e-01
278, 8.754272262971262e-01, -2.439856190051913e-03, 1.110677089494705e+00, 8.158080075625990e-01, 6.460833781878077e-02, 3.201571121769019e+00, 1.160032291849155e+00, 1.044437040091377e+00, 6.093301655733244e-01, 3.757685072066195e-01
279, 8.801549362614390e-01, -2.072970429188528e-03, 1.111814353360259e+00, 8.145372212462991e-01, 6.186893247696942e-02, 3.204372991940280e+00, 1.161711413924201e+00, 1.044878949811303e+00, 6.074783976871162e-01, 3.797112189447759e-01
280, 8.848613396408853e-01, -1.723267604736355e-03, 1.112913862843502e+00, 8.133094118731501e-01, 5.904171346136869e-02, 3.207082531520249e+00, 1.163334434044089e+00, 1.045305007767414e+00, 6.056895243712093e-01, 3.835221988449536e-01
281, 8.895465232577281e-01, -1.391182287784173e-03, 1.113968359357376e+00, 8.121214619809788e-01, 5.612714456639689e-02, 3.209678845873216e+00, 1.164893019830216e+00, 1.045714638162808e+00, 6.039656529359925e-01, 3.871818818216779e-01
282, 8.942105658633897e-01, -1.077115145850081e-03, 1.114975213852629e+00, 8.109876709276825e-01, 5.313083114723562e-02, 3.212158393131637e+00, 1.166381102327406e+00, 1.046104960752582e+00, 6.023201641847050e-01, 3.906760174870998e-01
283, 8.988535384384625e-01, -7.814334459479492e-04, 1.115933287501884e+00, 8.098952961297025e-01, 5.005230294109074e-02, 3.214514899538232e+00, 1.167799689889123e+00, 1.046478049331556e+00, 6.007438700586405e-01, 3.940069735350875e-01
284, 9.034755074440847e-01, -5.045204985225652e-04, 1.116843923681009e+00, 8.088574809921570e-01, 4.688649036440416e-02, 3.216755466017309e+00, 1.169147933101399e+00, 1.046831977424383e+00, 5.992463878080120e-01, 3.971727554743088e-01
285, 9.080765356287849e-01, -2.467977836022940e-04, 1.117702300037718e+00, 8.078701309288271e-01, 4.362866282704189e-02, 3.218865268353091e+00, 1.170420534879777e+00, 1.047166615690314e+00, 5.978274897184913e-01, 4.001609253305551e-01
286, 9.126566792309401e-01, -8.683265580541010e-06, 1.118504200815122e+00, 8.069500977163163e-01, 4.027789982680613e-02, 3.220837472807820e+00, 1.171609317651693e+00, 1.047478692344535e+00, 5.965031842101436e-01, 4.029522815151985e-01
287, 9.172157936280043e-01, 2.093891260102961e-04, 1.119244869422923e+00, 8.060926635710395e-01, 3.683310422504418e-02, 3.222656985126636e+00, 1.172708977719893e+00, 1.047768017310221e+00, 5.952729877054034e-01, 4.055343705266583e-01
288, 9.217537948956209e-01, 4.070068441876385e-04, 1.119920681708439e+00, 8.053103105757221e-01, 3.329764672485828e-02, 3.224317731742688e+00, 1.173712907012788e+00, 1.048032174227097e+00, 5.941493031849412e-01, 4.078916760890109e-01
289, 9.262710421087921e-01, 5.838145505472432e-04, 1.120530757049497e+00, 8.045921424120254e-01, 2.967416512413202e-02, 3.225814139640709e+00, 1.174621724013500e+00, 1.048272630290338e+00, 5.931247253888415e-01, 4.100256504496573e-01
290, 9.307675618943524e-01, 7.394576934092607e-04, 1.121078332001285e+00, 8.039431446851070e-01, 2.595318127462570e-02, 3.227157582275161e+00, 1.175438779486225e+00, 1.048489428377319e+00, 5.922015150066343e-01, 4.119441614685485e-01
291, 9.352433771688560e-01, 8.734781844324924e-04, 1.121564067936716e+00, 8.033619140239603e-01, 2.211606373032384e-02, 3.228348075968848e+00, 1.176164448376672e+00, 1.048682355293711e+00, 5.913786748984425e-01, 4.136480895479282e-01
292, 9.396985046749056e-01, 9.853363283885781e-04, 1.121974819950014e+00, 8.028617386207585e-01, 1.814714903570462e-02, 3.229353792723789e+00, 1.176780596596130e+00, 1.048847599492970e+00, 5.906746751930616e-01, 4.150948544099978e-01
293, 9.441329526726101e-01, 1.074427148039848e-03, 1.122303134625761e+00, 8.024619115696640e-01, 1.402714359669628e-02, 3.230157427154333e+00, 1.177273684366099e+00, 1.048980126709410e+00, 5.901099593990401e-01, 4.162526635815230e-01
294, 9.485467200394455e-01, 1.140019496212404e-03, 1.122519436187854e+00, 8.021860822929280e-01, 9.743850572939975e-03, 3.230685240455550e+00, 1.177603929679952e+00, 1.049072195737802e+00, 5.897209856830318e-01, 4.170281057573776e-01
295, 9.529397918449014e-01, 1.181415220675974e-03, 1.122613331624622e+00, 8.020799861820498e-01, 5.308422935894955e-03, 3.230916507212761e+00, 1.177748244904836e+00, 1.049113004208158e+00, 5.895516276360856e-01, 4.173669693454402e-01
296, 9.573121388139022e-01, 1.198042544168596e-03, 1.122537914989962e+00, 8.021317867395599e-01, 7.320595398219770e-04, 3.230722515349725e+00, 1.177653067234446e+00, 1.049098699926743e+00, 5.896206656391996e-01, 4.171434846305208e-01
297, 9.616637198612993e-01, 1.189394961153334e-03, 1.122336244662629e+00, 8.024197114721106e-01, -3.960355123057354e-03, 3.230235957065729e+00, 1.177352819264787e+00, 1.049019689833411e+00, 5.899674512560460e-01, 4.164384785967577e-01
298, 9.659944844189957e-01, 1.155194013312277e-03, 1.121889454601851e+00, 8.027735391235885e-01, -8.744546309080125e-03, 3.229100846363037e+00, 1.176740992702642e+00, 1.048892105969797e+00, 5.905264042656515e-01, 4.150018613286431e-01
299, 9.703043761490538e-01, 1.095310115047981e-03, 1.121399266995952e+00, 8.035420548548224e-01, -1.372897803237751e-02, 3.227936509722831e+00, 1.175984887297235e+00, 1.048676347406137e+00, 5.914621653459323e-01, 4.132264658993972e-01
300, 9.745935308831840e-01, 1.008252254447176e-03, 1.120430079112918e+00, 8.044324434566220e-01, -1.890614411424450e-02, 3.225497447892463e+00, 1.174623895902618e+00, 1.048368762852750e+00, 5.927938317380180e-01, 4.100307502174753e-01
301, 9.788633899517559e-01, 8.941627114823046e-04, 1.119583541759206e+00, 8.063270996216204e-01, -2.371435413042702e-02, 3.223603730869764e+00, 1.173197239390497e+00, 1.047887179144352e+00, 5.948688303375559e-01, 4.066808476343044e-01
302, 9.831172134907180e-01, 7.574948684945980e-04, 1.117605754068558e+00, 8.064904454812709e-01, -2.838326988100161e-02, 3.218269837003746e+00, 1.170767294903940e+00, 1.047567347109525e+00, 5.962445089847505e-01, 4.009751453553576e-01
303, 9.873509301113981e-01, 5.957391129973496e-04, 1.117801279822092e+00, 8.090841721950304e-01, -3.298858139656040e-02, 3.219360803498301e+00, 1.170423746439264e+00, 1.047076763613607e+00, 5.983241237034647e-01, 4.001684663268141e-01
304, 9.915757551234188e-01, 4.114498253916339e-04, 1.115058513172283e+00, 8.101207597832493e-01, -3.713166155251495e-02, 3.212143346979204e+00, 1.166895025970915e+00, 1.046487706417451e+00, 6.008647538839841e-01, 3.918827509413799e-01
305, 9.957881552832938e-01, 2.114354078195997e-04, 1.136397789271297e+00, 8.451748468500873e-01, -4.546863334211503e-02, 3.277903101776190e+00, 1.185080756371371e+00, 1.042839723519078e+00, 6.164118024549978e-01, 4.345842875255252e-01
306, 8.771900716674630e-02, 3.601012921149546e-02, 7.302196112216576e-01, 8.861309793197361e-01, 1.735128947936463e-01, 2.207277595142196e+00, 6.595988112582115e-01, 9.032882726262343e-01, 1.099606512458861e+00, -7.992889751615213e-01
307, 8.341046860288240e-02, 3.515951137347452e-02, 7.311259903697159e-01, 8.829277046926490e-01, 1.762157198618930e-01, 2.208698334862733e+00, 6.617355244464417e-01, 9.050909599203486e-01, 1.093967730660831e+00, -7.942718032158319e-01
308, 7.910554248610502e-02, 3.429080659949745e-02, 7.298662846586746e-01, 8.814565540518670e-01, 1.806321676732628e-01, 2.205241092570878e+00, 6.602493251130653e-01, 9.046168304949639e-01, 1.095453358027299e+00, -7.977615170633391e-01
309, 7.480591506778542e-02, 3.339624070792493e-02, 7.293665198681980e-01, 8.805428672601622e-01, 1.862631337193787e-01, 2.204036845288005e+00, 6.594905593930711e-01, 9.041963696280521e-01, 1.096767595040363e+00, -7.995431591221215e-01
310, 7.051236305560889e-02, 3.247294494752129e-02, 7.293306173612381e-01, 8.788928722775646e-01, 1.921100410523346e-01, 2.203808270207709e+00, 6.595776144436895e-01, 9.043602431364816e-01, 1.096254507281755e+00, -7.993387469623151e-01
311, 6.622518851221081e-02, 3.152051307142926e-02, 7.299647812246419e-01, 8.772468714571507e-01, 1.988109076481091e-01, 2.205396492308045e+00, 6.604799978204395e-01, 9.048107728051897e-01, 1.094845993737858e+00, -7.972198792607322e-01
312, 6.194630482469765e-02, 3.053151808348453e-02, 7.310368548855430e-01, 8.754830904318954e-01, 2.064234141574735e-01, 2.208169263568805e+00, 6.619160014368151e-01, 9.054481959605853e-01, 1.092851063161943e+00, -7.938480289358155e-01
313, 5.767635220224428e-02, 2.950463036048605e-02, 7.316794946008048e-01, 8.732363252992646e-01, 2.143435660502021e-01, 2.209717590425305e+00, 6.628927756789544e-01, 9.059879094201218e-01, 1.091163521258355e+00, -7.915544855852488e-01
314, 5.341627899259998e-02, 2.843751250857554e-02, 7.318793345203207e-01, 8.707057592646942e-01, 2.228777053633806e-01, 2.210101993767223e+00, 6.632932090279237e-01, 9.062876593757782e-01, 1.090225141067929e+00, -7.906142363390545e-01
315, 4.916748680387094e-02, 2.732634257901940e-02, 7.319146829767411e-01, 8.678412614269416e-01, 2.323271479067951e-01, 2.210061946319560e+00, 6.634732914591432e-01, 9.064899323521663e-01, 1.089592881185633e+00, -7.901913885152084e-01
316, 4.493189047223071e-02, 2.616591092294333e-02, 7.320509944237354e-01, 8.645064714311282e-01, 2.429160078837642e-01, 2.210270152971429e+00, 6.638011065706733e-01, 9.067689431843640e-01, 1.088719751295800e+00, -7.894216526470530e-01
317, 4.071187446229052e-02, 2.495006742686908e-02, 7.325155660481945e-01, 8.605532970554470e-01, 2.549465312724645e-01, 2.211311382633812e+00, 6.645839133680979e-01, 9.072625131414244e-01, 1.087173389905308e+00, -7.875835602327002e-01
318, 3.651070814596910e-02, 2.367064829034641e-02, 7.337455272278829e-01, 8.558557326623234e-01, 2.689802753346469e-01, 2.214358836653861e+00, 6.663651824170603e-01, 9.081693280429416e-01, 1.084330617592572e+00, -7.834009993024792e-01
319, 3.233315041944901e-02, 2.231620927941861e-02, 7.362029746704631e-01, 8.500547904385720e-01, 2.855570620042723e-01, 2.220590256863125e+00, 6.697811358203954e-01, 9.097778178907806e-01, 1.079283382315086e+00, -7.753800699248726e-01
320, 2.818537482539577e-02, 2.087323148409901e-02, 7.409042302086285e-01, 8.427583080005906e-01, 3.057511311834777e-01, 2.232704234030638e+00, 6.761237421918193e-01, 9.125656388834926e-01, 1.070522197237621e+00, -7.604871273790291e-01
321, 2.407765081554673e-02, 1.932007236330418e-02, 7.492323794656389e-01, 8.330127666278079e-01, 3.307038112119108e-01, 2.254250020234613e+00, 6.872738027854458e-01, 9.173039254865324e-01, 1.055589397197736e+00, -7.343059012269991e-01
322, 2.002368783638524e-02, 1.763180094410165e-02, 7.644446799037670e-01, 8.196201168746401e-01, 3.630663059853259e-01, 2.293921182121918e+00, 7.073258484567471e-01, 9.252806214123820e-01, 1.030318752303446e+00, -6.872221084419393e-01
323, 1.604976668738379e-02, 1.576348198104166e-02, 7.907615604727518e-01, 7.996877570818548e-01, 4.058227464833319e-01, 2.362832082270579e+00, 7.417358418078797e-01, 9.380018944831329e-01, 9.896203417698204e-01, -6.064247163335224e-01
324, 1.219642460409727e-02, 1.365838359305371e-02, 8.237758416994364e-01, 7.668295161000039e-01, 4.533688213268638e-01, 2.447749887531241e+00, 7.864332719798031e-01, 9.546690157329740e-01, 9.353913620759504e-01, -5.014716070728775e-01
325, 8.497902987501700e-03, 1.129191893268058e-02, 8.557229076537645e-01, 7.160140170828271e-01, 5.014877728575733e-01, 2.527292868312280e+00, 8.323158612894731e-01, 9.726464651642093e-01, 8.754254935851519e-01, -3.937356502078684e-01
326, 5.011918979731958e-03, 8.624293807119977e-03, 9.079554010471548e-01, 6.359996308829921e-01, 5.771641434122442e-01, 2.662252101784833e+00, 9.024228207421603e-01, 9.939065505876019e-01, 8.018871583531716e-01, -2.291189519532257e-01
327, 2.013122816643223e-03, 5.428841092119548e-03, 1.021934373262373e+00, 4.691027391106508e-01, 6.916110774810537e-01, 2.963457175922921e+00, 1.048704179328346e+00, 1.026195230111024e+00, 6.822521146052548e-01, 1.143612738995644e-01
328, 1.511135763634338e-04, 1.488265155236499e-03, 1.207847757583852e+00, 1.169761679086549e-01, 6.578781709539987e-01, 3.439993293699816e+00, 1.302066292833324e+00, 1.078005307090973e+00, 4.503164364062938e-01, 7.092756007169263e-01
329, 5.526992394983083e-04, -2.823435628179305e-03, 1.327964209992660e+00, -7.394554858829464e-02, 2.264646553980578e-01, 3.730142700913768e+00, 1.483509533093747e+00, 1.117130659042345e+00, 1.434486842914793e-01, 1.135318712063839e+00
330, 2.878016500508857e-03, -6.524200300998718e-03, 1.320710430021914e+00, 8.654710944338587e-02, -1.042218933586435e-01, 3.705669090571622e+00, 1.479488434249005e+00, 1.120221662991225e+00, 8.190779833226672e-02, 1.125876853219228e+00
331, 6.063213301202438e-03, -9.539078766651448e-03, 1.271982759699331e+00, 2.879036776745411e-01, -2.407184971432746e-01, 3.582850349938073e+00, 1.410996141338214e+00, 1.109288730982284e+00, 2.367478775907513e-01, 9.650515200014421e-01
332, 9.607058054459983e-03, -1.213074924663809e-02, 1.236085039636821e+00, 4.342252496121037e-01, -2.938885475341074e-01, 3.498131164248615e+00, 1.354769758287474e+00, 1.096016628989801e+00, 3.424394917168109e-01, 8.330275154679117e-01
333, 1.333106627970745e-02, -1.445704386081798e-02, 1.206899068939452e+00, 5.370997277348840e-01, -3.112171749168610e-01, 3.430120715114167e+00, 1.308193361070917e+00, 1.083929381286603e+00, 4.175247391850506e-01, 7.236624426385767e-01
334, 1.720112430974715e-02, -1.653153419278843e-02, 1.179609771505721e+00, 6.118930449981207e-01, -3.067677336251406e-01, 3.364720459204851e+00, 1.266451822229537e+00, 1.073619304300071e+00, 4.732997982671704e-01, 6.256500005389711e-01
335, 2.117937197977421e-02, -1.839085133132994e-02, 1.158367716827142e+00, 6.648548254949639e-01, -2.944220481956725e-01, 3.313613644626665e+00, 1.234159025439399e+00, 1.065429403384837e+00, 5.139709107104238e-01, 5.498239537883887e-01
336, 2.523007321921320e-02, -2.008693740666680e-02, 1.141925208435568e+00, 7.034564787061492e-01, -2.814426972673648e-01, 3.274113517056558e+00, 1.209102743426087e+00, 1.058828314231325e+00, 5.449599341952409e-01, 4.909898173806864e-01
337, 2.933283612395966e-02, -2.165326731820877e-02, 1.127870217725330e+00, 7.330577697740093e-01, -2.689005536246927e-01, 3.240104118757758e+00, 1.187929704837340e+00, 1.053250352893560e+00, 5.701149753068649e-01, 4.412738443630599e-01
338, 3.347523522801290e-02, -2.311161153733291e-02, 1.115677780653223e+00, 7.565771543615086e-01, -2.571568163149608e-01, 3.210450654715223e+00, 1.169713768109518e+00, 1.048433327608852e+00, 5.911808716450259e-01, 3.985013809277681e-01
339, 3.764830849996936e-02, -2.447979386591983e-02, 1.105017188250226e+00, 7.757617933650214e-01, -2.462994413985954e-01, 3.184436483204574e+00, 1.153872426705184e+00, 1.044212197759855e+00, 6.091939784819771e-01, 3.613046555489433e-01
340, 4.184632016886031e-02, -2.576950026668416e-02, 1.095549198019066e+00, 7.917193024889339e-01, -2.362450401188255e-01, 3.161253597220179e+00, 1.139882448860308e+00, 1.040466690972349e+00, 6.248604893026781e-01, 3.284550785674560e-01
341, 4.606461766335609e-02, -2.699126390637511e-02, 1.087090417041507e+00, 8.052154054775940e-01, -2.269831280422122e-01, 3.140492594494178e+00, 1.127432552587873e+00, 1.037110193332544e+00, 6.386659272458938e-01, 2.992217352021054e-01
342, 5.029996497743183e-02, -2.815258920733603e-02, 1.079439339287099e+00, 8.167775551394089e-01, -2.184023832481617e-01, 3.121663870343527e+00, 1.116221760039029e+00, 1.034075486609764e+00, 6.509708459727229e-01, 2.728979056049339e-01
343, 5.454968507477533e-02, -2.926018595232182e-02, 1.072493187829421e+00, 8.268003515328629e-01, -2.104755492498813e-01, 3.104537968883083e+00, 1.106075625495954e+00, 1.031312495079338e+00, 6.620362883958256e-01, 2.490739774019768e-01
344, 5.881171485939347e-02, -3.031944844313611e-02, 1.066121205421095e+00, 8.355782693250456e-01, -2.031222810266181e-01, 3.088795560467955e+00, 1.096800468371486e+00, 1.028776524464940e+00, 6.720834449173779e-01, 2.272951732212968e-01
345, 6.308438819361244e-02, -3.133494541932684e-02, 1.060239163412812e+00, 8.433510624369697e-01, -1.963029452449876e-01, 3.074240862541874e+00, 1.088261112910823e+00, 1.026429838158224e+00, 6.812919112369411e-01, 2.072440896750796e-01
346, 6.736631387499806e-02, -3.231070479328505e-02, 1.054759445726470e+00, 8.503353302908818e-01, -1.899607465535315e-01, 3.060668825339284e+00, 1.080319018985058e+00, 1.024232609020139e+00, 6.898403001570169e-01, 1.885954235584156e-01
347, 7.165640284479126e-02, -3.324993448735687e-02, 1.049627052614509e+00, 8.566734840017517e-01, -1.839323882714226e-01, 3.047944343131899e+00, 1.072893287031203e+00, 1.022166191657066e+00, 6.978174127474756e-01, 1.711592162844073e-01
348, 7.595391899831845e-02, -3.415455551384849e-02, 1.044835266517445e+00, 8.622076284094592e-01, -1.779890010642894e-01, 3.035992419684769e+00, 1.066032511997382e+00, 1.020287643573317e+00, 7.050187924556711e-01, 1.550495726434248e-01
349, 8.025836080493734e-02, -3.502563221809116e-02, 1.040647810176669e+00, 8.670840466252127e-01, -1.726605675075397e-01, 3.025577160502078e+00, 1.060007818932273e+00, 1.018603804828376e+00, 7.114341869452296e-01, 1.409031157421635e-01
350, 8.456815100190429e-02, -3.586989594128118e-02, 1.036742022437529e+00, 8.715600966498764e-01, -1.679545982010664e-01, 3.015880297029788e+00, 1.054371060442749e+00, 1.017004266851046e+00, 7.174951635985167e-01, 1.276675599764005e-01
351, 8.888303351669427e-02, -3.668770674719834e-02, 1.032756115470604e+00, 8.754730035342538e-01, -1.634296551574979e-01, 3.005860359247970e+00, 1.048743071728627e+00, 1.015479895028981e+00, 7.232418613813600e-01, 1.144525963384676e-01
352, 9.320237004259979e-02, -3.748167768972121e-02, 1.028907428504559e+00, 8.795238389624173e-01, -1.599259110617774e-01, 2.996308572988091e+00, 1.043186134858929e+00, 1.013877542292724e+00, 7.292525382757650e-01, 1.014044680636074e-01
353, 9.752474053555854e-02, -3.825897554897091e-02, 1.024576066238976e+00, 8.848985974744101e-01, -1.578520834364342e-01, 2.985862577274815e+00, 1.036628520700336e+00, 1.011763357410449e+00, 7.371366202523825e-01, 8.600667018957525e-02
